Workbook

Sheet Quotations
A1: Date | B1: UBEUECR | C1: Date | D1: CSLOGBB | E1: Date | F1: CBSWBOB | G1: Date | H1: BNOPLPT | I1: Date | J1: ETHAKTE | K1: Date | L1: MPCGLCA | O1: =B1 -> UBEUECR | P1: =D1 -> CSLOGBB | Q1: =F1 -> CBSWBOB | R1: =H1 -> BNOPLPT | S1: =J1 -> ETHAKTE | T1: =L1 -> MPCGLCA
A2: 43465 | B2: 107.74 | C2: 43363 | D2: 23.93 | E2: 43465 | F2: 115.65 | G2: 43462 | H2: 109.46 | I2: 43462 | J2: 120.54 | K2: 43465 | L2: 1327.918 | N2: Weights | O2: 0.1666 | P2: 0.1666 | Q2: 0.1666 | R2: 0.1666 | S2: 0.1666 | T2: 0.1667
A3: 43462 | B3: 107.71 | C3: 43362 | D3: 23.94 | E3: 43462 | F3: 115.62 | G3: 43461 | H3: 109.34 | I3: 43461 | J3: 120.29 | K3: 43462 | L3: 1326.26
A4: 43461 | B4: 107.38 | C4: 43361 | D4: 23.94 | E4: 43461 | F4: 115.61 | G4: 43455 | H4: 109.29 | I4: 43455 | J4: 120.4 | K4: 43461 | L4: 1326.244
A5: 43455 | B5: 107.84 | C5: 43360 | D5: 23.94 | E5: 43455 | F5: 115.61 | G5: 43454 | H5: 109.29 | I5: 43454 | J5: 120.69 | K5: 43455 | L5: 1322.597
A6: 43454 | B6: 107.87 | C6: 43357 | D6: 23.93 | E6: 43454 | F6: 115.62 | G6: 43453 | H6: 109.14 | I6: 43453 | J6: 120.55 | K6: 43454 | L6: 1337.783
A7: 43453 | B7: 108.29 | C7: 43356 | D7: 23.93 | E7: 43453 | F7: 115.67 | G7: 43452 | H7: 109 | I7: 43452 | J7: 120.63 | K7: 43453 | L7: 1343.3
A8: 43452 | B8: 108.28 | C8: 43355 | D8: 23.94 | E8: 43452 | F8: 115.68 | G8: 43451 | H8: 108.91 | I8: 43451 | J8: 120.96 | K8: 43452 | L8: 1345.449
A9: 43451 | B9: 108.38 | C9: 43354 | D9: 23.94 | E9: 43451 | F9: 115.69 | G9: 43448 | H9: 108.92 | I9: 43448 | J9: 121.11 | K9: 43451 | L9: 1354.865
A10: 43448 | B10: 108.73 | C10: 43353 | D10: 23.94 | E10: 43448 | F10: 115.68 | G10: 43447 | H10: 108.95 | I10: 43447 | J10: 120.89 | K10: 43448 | L10: 1357.79
A11: 43447 | B11: 108.93 | C11: 43350 | D11: 23.94 | E11: 43447 | F11: 115.68 | G11: 43446 | H11: 108.81 | I11: 43446 | J11: 120.9 | K11: 43447 | L11: 1361.06
A12: 43446 | B12: 109.04 | C12: 43349 | D12: 23.94 | E12: 43446 | F12: 115.65 | G12: 43445 | H12: 108.5 | I12: 43445 | J12: 120.82 | K12: 43446 | L12: 1354.648
A13: 43445 | B13: 108.69 | C13: 43348 | D13: 23.93 | E13: 43445 | F13: 115.64 | G13: 43444 | H13: 108.91 | I13: 43444 | J13: 121.08 | K13: 43445 | L13: 1352.079
A14: 43444 | B14: 108.43 | C14: 43347 | D14: 23.95 | E14: 43444 | F14: 115.63 | G14: 43441 | H14: 108.73 | I14: 43441 | J14: 121.35 | K14: 43444 | L14: 1356.752
... A1188: 41719 | B1188: 122.41 | C1188: 41639 | D1188: 24 | E1188: 41736 | F1188: 112.65 | G1188: 41731 | H1188: 119.13 | I1188: 41731 | J1188: 125.04 | K1188: 41719 | L1188: 1351.2667
A1189: 41718 | B1189: 122.32 | E1189: 41733 | F1189: 112.67 | G1189: 41730 | H1189: 119.16 | I1189: 41730 | J1189: 125.17 | K1189: 41718 | L1189: 1351.1322
A1190: 41717 | B1190: 122.48 | E1190: 41732 | F1190: 112.62 | G1190: 41729 | H1190: 119.32 | I1190: 41729 | J1190: 125.07 | K1190: 41717 | L1190: 1353.1835
A1191: 41716 | B1191: 122.26 | E1191: 41731 | F1191: 112.57 | G1191: 41726 | H1191: 119.25 | I1191: 41726 | J1191: 124.95 | K1191: 41716 | L1191: 1346.7214
A1192: 41715 | B1192: 121.85 | E1192: 41730 | F1192: 112.5 | G1192: 41725 | H1192: 119.09 | I1192: 41725 | J1192: 124.82 | K1192: 41715 | L1192: 1339.6116
A1193: 41712 | B1193: 121.28 | E1193: 41729 | F1193: 112.44 | G1193: 41724 | H1193: 118.72 | I1193: 41724 | J1193: 124.85 | K1193: 41712 | L1193: 1342.7042
A1194: 41711 | B1194: 121.64 | E1194: 41726 | F1194: 112.39 | G1194: 41723 | H1194: 118.28 | I1194: 41723 | J1194: 124.74 | K1194: 41711 | L1194: 1351.4203
A1195: 41710 | B1195: 121.99 | E1195: 41725 | F1195: 112.34 | G1195: 41722 | H1195: 118.53 | I1195: 41722 | J1195: 124.74 | K1195: 41710 | L1195: 1354.0624
A1196: 41709 | B1196: 122.45 | E1196: 41724 | F1196: 112.32 | G1196: 41719 | H1196: 118.37 | I1196: 41719 | J1196: 124.71 | K1196: 41709 | L1196: 1356.5109
A1197: 41708 | B1197: 122.43 | E1197: 41723 | F1197: 112.25 | G1197: 41718 | H1197: 118.63 | I1197: 41718 | J1197: 124.81 | K1197: 41708 | L1197: 1360.7041
A1198: 41705 | B1198: 122.54 | E1198: 41722 | F1198: 112.21 | G1198: 41717 | H1198: 118.75 | I1198: 41717 | J1198: 124.91 | K1198: 41705 | L1198: 1364.042
A1199: 41704 | B1199: 122.74 | E1199: 41719 | F1199: 112.17 | G1199: 41716 | H1199: 118.78 | I1199: 41716 | J1199: 124.76 | K1199: 41704 | L1199: 1361.6333
A1200: 41703 | B1200: 122.57 | E1200: 41718 | F1200: 112.13 | G1200: 41715 | H1200: 118.89 | I1200: 41715 | J1200: 124.72 | K1200: 41703 | L1200: 1359.6813
... A1245: 41639 | B1245: 119.49 | E1245: 41655 | F1245: 111.9 | G1245: 41652 | H1245: 123.09 | I1245: 41652 | J1245: 123.99 | K1245: 41639 | L1245: 1317.5613
E1246: 41654 | F1246: 111.89 | G1246: 41649 | H1246: 123.16 | I1246: 41649 | J1246: 123.88
E1247: 41653 | F1247: 111.86 | G1247: 41648 | H1247: 123.35 | I1247: 41648 | J1247: 123.96
E1248: 41652 | F1248: 111.84 | G1248: 41647 | H1248: 123.26 | I1248: 41647 | J1248: 123.98
E1249: 41649 | F1249: 111.82 | G1249: 41646 | H1249: 123.28 | I1249: 41646 | J1249: 123.59
E1250: 41648 | F1250: 111.83 | G1250: 41645 | H1250: 123.32 | I1250: 41645 | J1250: 123.64
E1251: 41647 | F1251: 111.82 | G1251: 41642 | H1251: 123.32 | I1251: 41642 | J1251: 123.47
E1252: 41646 | F1252: 111.78 | G1252: 41641 | H1252: 123.23 | I1252: 41641 | J1252: 123.86
E1253: 41645 | F1253: 111.76
E1254: 41642 | F1254: 111.75
E1255: 41641 | F1255: 111.72
E1256: 41639 | F1256: 111.71

Sheet Q2
A1: Date | B1: UBEUECR | C1: CSLOGBB | D1: CBSWBOB | E1: BNOPLPT | F1: ETHAKTE | G1: MPCGLCA
A2: {=UNIQUE( SORT({ Quotations!A2:A1756; Quotations!C2:C1756; Quotations!E2:E1756; Quotations!G2:G1756; Quotations!I2:I1756; Quotations!K2:K1756 }) )} -> 41639 | B2: {=XLOOKUP($A2, Quotations!$A$2:A1756, Quotations!$B$2:B1756, "")} -> 119.49 | C2: {=XLOOKUP($A2, Quotations!$C$2:C1756, Quotations!$D$2:D1756, "")} -> 24 | D2: {=XLOOKUP($A2, Quotations!$E$2:E1756, Quotations!$F$2:F1756, "")} -> 111.71 | E2: {=XLOOKUP($A2, Quotations!$G$2:G1756, Quotations!$H$2:H1756, "")} | F2: {=XLOOKUP($A2, Quotations!$I$2:I1756, Quotations!$J$2:J1756, "")} | G2: {=XLOOKUP($A2, Quotations!$K$2:K1756, Quotations!$L$2:L1756, "")} -> 1317.5613
A3: 41641 | B3: {=XLOOKUP($A3, Quotations!$A$2:A1756, Quotations!$B$2:B1756, "")} -> 119.04 | C3: {=XLOOKUP($A3, Quotations!$C$2:C1756, Quotations!$D$2:D1756, "")} -> 24.02 | D3: {=XLOOKUP($A3, Quotations!$E$2:E1756, Quotations!$F$2:F1756, "")} -> 111.72 | E3: {=XLOOKUP($A3, Quotations!$G$2:G1756, Quotations!$H$2:H1756, "")} -> 123.23 | F3: {=XLOOKUP($A3, Quotations!$I$2:I1756, Quotations!$J$2:J1756, "")} -> 123.86 | G3: {=XLOOKUP($A3, Quotations!$K$2:K1756, Quotations!$L$2:L1756, "")} -> 1320.0796
A4: 41642 | B4: {=XLOOKUP($A4, Quotations!$A$2:A1756, Quotations!$B$2:B1756, "")} -> 119.26 | C4: {=XLOOKUP($A4, Quotations!$C$2:C1756, Quotations!$D$2:D1756, "")} -> 24.04 | D4: {=XLOOKUP($A4, Quotations!$E$2:E1756, Quotations!$F$2:F1756, "")} -> 111.75 | E4: {=XLOOKUP($A4, Quotations!$G$2:G1756, Quotations!$H$2:H1756, "")} -> 123.32 | F4: {=XLOOKUP($A4, Quotations!$I$2:I1756, Quotations!$J$2:J1756, "")} -> 123.47 | G4: {=XLOOKUP($A4, Quotations!$K$2:K1756, Quotations!$L$2:L1756, "")} -> 1316.1038
A5: 41645 | B5: {=XLOOKUP($A5, Quotations!$A$2:A1756, Quotations!$B$2:B1756, "")} -> 119.31 | C5: {=XLOOKUP($A5, Quotations!$C$2:C1756, Quotations!$D$2:D1756, "")} -> 24.03 | D5: {=XLOOKUP($A5, Quotations!$E$2:E1756, Quotations!$F$2:F1756, "")} -> 111.76 | E5: {=XLOOKUP($A5, Quotations!$G$2:G1756, Quotations!$H$2:H1756, "")} -> 123.32 | F5: {=XLOOKUP($A5, Quotations!$I$2:I1756, Quotations!$J$2:J1756, "")} -> 123.64 | G5: {=XLOOKUP($A5, Quotations!$K$2:K1756, Quotations!$L$2:L1756, "")} -> 1315.5184
A6: 41646 | B6: {=XLOOKUP($A6, Quotations!$A$2:A1756, Quotations!$B$2:B1756, "")} -> 119.73 | C6: {=XLOOKUP($A6, Quotations!$C$2:C1756, Quotations!$D$2:D1756, "")} -> 24.04 | D6: {=XLOOKUP($A6, Quotations!$E$2:E1756, Quotations!$F$2:F1756, "")} -> 111.78 | E6: {=XLOOKUP($A6, Quotations!$G$2:G1756, Quotations!$H$2:H1756, "")} -> 123.28 | F6: {=XLOOKUP($A6, Quotations!$I$2:I1756, Quotations!$J$2:J1756, "")} -> 123.59 | G6: {=XLOOKUP($A6, Quotations!$K$2:K1756, Quotations!$L$2:L1756, "")} -> 1314.9367
A7: 41647 | B7: {=XLOOKUP($A7, Quotations!$A$2:A1756, Quotations!$B$2:B1756, "")} -> 119.88 | C7: {=XLOOKUP($A7, Quotations!$C$2:C1756, Quotations!$D$2:D1756, "")} -> 24.04 | D7: {=XLOOKUP($A7, Quotations!$E$2:E1756, Quotations!$F$2:F1756, "")} -> 111.82 | E7: {=XLOOKUP($A7, Quotations!$G$2:G1756, Quotations!$H$2:H1756, "")} -> 123.26 | F7: {=XLOOKUP($A7, Quotations!$I$2:I1756, Quotations!$J$2:J1756, "")} -> 123.98 | G7: {=XLOOKUP($A7, Quotations!$K$2:K1756, Quotations!$L$2:L1756, "")} -> 1322.2889
A8: 41648 | B8: {=XLOOKUP($A8, Quotations!$A$2:A1756, Quotations!$B$2:B1756, "")} -> 119.81 | C8: {=XLOOKUP($A8, Quotations!$C$2:C1756, Quotations!$D$2:D1756, "")} -> 24.04 | D8: {=XLOOKUP($A8, Quotations!$E$2:E1756, Quotations!$F$2:F1756, "")} -> 111.83 | E8: {=XLOOKUP($A8, Quotations!$G$2:G1756, Quotations!$H$2:H1756, "")} -> 123.35 | F8: {=XLOOKUP($A8, Quotations!$I$2:I1756, Quotations!$J$2:J1756, "")} -> 123.96 | G8: {=XLOOKUP($A8, Quotations!$K$2:K1756, Quotations!$L$2:L1756, "")} -> 1324.9264
A9: 41649 | B9: {=XLOOKUP($A9, Quotations!$A$2:A1756, Quotations!$B$2:B1756, "")} -> 120.08 | C9: {=XLOOKUP($A9, Quotations!$C$2:C1756, Quotations!$D$2:D1756, "")} -> 24.04 | D9: {=XLOOKUP($A9, Quotations!$E$2:E1756, Quotations!$F$2:F1756, "")} -> 111.82 | E9: {=XLOOKUP($A9, Quotations!$G$2:G1756, Quotations!$H$2:H1756, "")} -> 123.16 | F9: {=XLOOKUP($A9, Quotations!$I$2:I1756, Quotations!$J$2:J1756, "")} -> 123.88 | G9: {=XLOOKUP($A9, Quotations!$K$2:K1756, Quotations!$L$2:L1756, "")} -> 1322.6834
A10: 41652 | B10: {=XLOOKUP($A10, Quotations!$A$2:A1756, Quotations!$B$2:B1756, "")} -> 120.3 | C10: {=XLOOKUP($A10, Quotations!$C$2:C1756, Quotations!$D$2:D1756, "")} -> 24.06 | D10: {=XLOOKUP($A10, Quotations!$E$2:E1756, Quotations!$F$2:F1756, "")} -> 111.84 | E10: {=XLOOKUP($A10, Quotations!$G$2:G1756, Quotations!$H$2:H1756, "")} -> 123.09 | F10: {=XLOOKUP($A10, Quotations!$I$2:I1756, Quotations!$J$2:J1756, "")} -> 123.99 | G10: {=XLOOKUP($A10, Quotations!$K$2:K1756, Quotations!$L$2:L1756, "")} -> 1326.4695
A11: 41653 | B11: {=XLOOKUP($A11, Quotations!$A$2:A1756, Quotations!$B$2:B1756, "")} -> 120.39 | C11: {=XLOOKUP($A11, Quotations!$C$2:C1756, Quotations!$D$2:D1756, "")} -> 24.05 | D11: {=XLOOKUP($A11, Quotations!$E$2:E1756, Quotations!$F$2:F1756, "")} -> 111.86 | E11: {=XLOOKUP($A11, Quotations!$G$2:G1756, Quotations!$H$2:H1756, "")} -> 123.09 | F11: {=XLOOKUP($A11, Quotations!$I$2:I1756, Quotations!$J$2:J1756, "")} -> 124.2 | G11: {=XLOOKUP($A11, Quotations!$K$2:K1756, Quotations!$L$2:L1756, "")} -> 1322.5665
A12: 41654 | B12: {=XLOOKUP($A12, Quotations!$A$2:A1756, Quotations!$B$2:B1756, "")} -> 120.89 | C12: {=XLOOKUP($A12, Quotations!$C$2:C1756, Quotations!$D$2:D1756, "")} -> 24.05 | D12: {=XLOOKUP($A12, Quotations!$E$2:E1756, Quotations!$F$2:F1756, "")} -> 111.89 | E12: {=XLOOKUP($A12, Quotations!$G$2:G1756, Quotations!$H$2:H1756, "")} -> 123.15 | F12: {=XLOOKUP($A12, Quotations!$I$2:I1756, Quotations!$J$2:J1756, "")} -> 124.37 | G12: {=XLOOKUP($A12, Quotations!$K$2:K1756, Quotations!$L$2:L1756, "")} -> 1328.9166
A13: 41655 | B13: {=XLOOKUP($A13, Quotations!$A$2:A1756, Quotations!$B$2:B1756, "")} -> 120.84 | C13: {=XLOOKUP($A13, Quotations!$C$2:C1756, Quotations!$D$2:D1756, "")} -> 24.05 | D13: {=XLOOKUP($A13, Quotations!$E$2:E1756, Quotations!$F$2:F1756, "")} -> 111.9 | E13: {=XLOOKUP($A13, Quotations!$G$2:G1756, Quotations!$H$2:H1756, "")} -> 123.05 | F13: {=XLOOKUP($A13, Quotations!$I$2:I1756, Quotations!$J$2:J1756, "")} -> 124.78 | G13: {=XLOOKUP($A13, Quotations!$K$2:K1756, Quotations!$L$2:L1756, "")} -> 1332.4553
A14: 41656 | B14: {=XLOOKUP($A14, Quotations!$A$2:A1756, Quotations!$B$2:B1756, "")} -> 121.04 | C14: {=XLOOKUP($A14, Quotations!$C$2:C1756, Quotations!$D$2:D1756, "")} -> 24.06 | D14: {=XLOOKUP($A14, Quotations!$E$2:E1756, Quotations!$F$2:F1756, "")} -> 111.96 | E14: {=XLOOKUP($A14, Quotations!$G$2:G1756, Quotations!$H$2:H1756, "")} -> 123.34 | F14: {=XLOOKUP($A14, Quotations!$I$2:I1756, Quotations!$J$2:J1756, "")} -> 124.68 | G14: {=XLOOKUP($A14, Quotations!$K$2:K1756, Quotations!$L$2:L1756, "")} -> 1332.5754
A15: 41659 | B15: {=XLOOKUP($A15, Quotations!$A$2:A1756, Quotations!$B$2:B1756, "")} -> 121.06 | C15: {=XLOOKUP($A15, Quotations!$C$2:C1756, Quotations!$D$2:D1756, "")} -> 24.06 | D15: {=XLOOKUP($A15, Quotations!$E$2:E1756, Quotations!$F$2:F1756, "")} -> 112 | E15: {=XLOOKUP($A15, Quotations!$G$2:G1756, Quotations!$H$2:H1756, "")} -> 123.51 | F15: {=XLOOKUP($A15, Quotations!$I$2:I1756, Quotations!$J$2:J1756, "")} -> 124.83 | G15: {=XLOOKUP($A15, Quotations!$K$2:K1756, Quotations!$L$2:L1756, "")} -> 1334.5886
A16: 41660 | B16: {=XLOOKUP($A16, Quotations!$A$2:A1756, Quotations!$B$2:B1756, "")} -> 120.97 | C16: {=XLOOKUP($A16, Quotations!$C$2:C1756, Quotations!$D$2:D1756, "")} -> 24.06 | D16: {=XLOOKUP($A16, Quotations!$E$2:E1756, Quotations!$F$2:F1756, "")} -> 112 | E16: {=XLOOKUP($A16, Quotations!$G$2:G1756, Quotations!$H$2:H1756, "")} -> 123.41 | F16: {=XLOOKUP($A16, Quotations!$I$2:I1756, Quotations!$J$2:J1756, "")} -> 124.74 | G16: {=XLOOKUP($A16, Quotations!$K$2:K1756, Quotations!$L$2:L1756, "")} -> 1334.2199
A17: 41661 | B17: {=XLOOKUP($A17, Quotations!$A$2:A1756, Quotations!$B$2:B1756, "")} -> 120.95 | C17: {=XLOOKUP($A17, Quotations!$C$2:C1756, Quotations!$D$2:D1756, "")} -> 24.07 | D17: {=XLOOKUP($A17, Quotations!$E$2:E1756, Quotations!$F$2:F1756, "")} -> 112.02 | E17: {=XLOOKUP($A17, Quotations!$G$2:G1756, Quotations!$H$2:H1756, "")} -> 123.38 | F17: {=XLOOKUP($A17, Quotations!$I$2:I1756, Quotations!$J$2:J1756, "")} -> 124.8 | G17: {=XLOOKUP($A17, Quotations!$K$2:K1756, Quotations!$L$2:L1756, "")} -> 1335.6941
A18: 41662 | B18: {=XLOOKUP($A18, Quotations!$A$2:A1756, Quotations!$B$2:B1756, "")} -> 120.61 | C18: {=XLOOKUP($A18, Quotations!$C$2:C1756, Quotations!$D$2:D1756, "")} -> 24.03 | D18: {=XLOOKUP($A18, Quotations!$E$2:E1756, Quotations!$F$2:F1756, "")} -> 111.99 | E18: {=XLOOKUP($A18, Quotations!$G$2:G1756, Quotations!$H$2:H1756, "")} -> 123.32 | F18: {=XLOOKUP($A18, Quotations!$I$2:I1756, Quotations!$J$2:J1756, "")} -> 124.77 | G18: {=XLOOKUP($A18, Quotations!$K$2:K1756, Quotations!$L$2:L1756, "")} -> 1338.3064
A19: 41663 | B19: {=XLOOKUP($A19, Quotations!$A$2:A1756, Quotations!$B$2:B1756, "")} -> 119.86 | C19: {=XLOOKUP($A19, Quotations!$C$2:C1756, Quotations!$D$2:D1756, "")} -> 24.02 | D19: {=XLOOKUP($A19, Quotations!$E$2:E1756, Quotations!$F$2:F1756, "")} -> 111.9 | E19: {=XLOOKUP($A19, Quotations!$G$2:G1756, Quotations!$H$2:H1756, "")} -> 122.86 | F19: {=XLOOKUP($A19, Quotations!$I$2:I1756, Quotations!$J$2:J1756, "")} -> 124.49 | G19: {=XLOOKUP($A19, Quotations!$K$2:K1756, Quotations!$L$2:L1756, "")} -> 1331.6304
A20: 41666 | B20: {=XLOOKUP($A20, Quotations!$A$2:A1756, Quotations!$B$2:B1756, "")} -> 119.61 | C20: {=XLOOKUP($A20, Quotations!$C$2:C1756, Quotations!$D$2:D1756, "")} -> 24.03 | D20: {=XLOOKUP($A20, Quotations!$E$2:E1756, Quotations!$F$2:F1756, "")} -> 111.94 | E20: {=XLOOKUP($A20, Quotations!$G$2:G1756, Quotations!$H$2:H1756, "")} -> 121.53 | F20: {=XLOOKUP($A20, Quotations!$I$2:I1756, Quotations!$J$2:J1756, "")} -> 123.96 | G20: {=XLOOKUP($A20, Quotations!$K$2:K1756, Quotations!$L$2:L1756, "")} -> 1316.1885
A21: 41667 | B21: {=XLOOKUP($A21, Quotations!$A$2:A1756, Quotations!$B$2:B1756, "")} -> 119.96 | C21: {=XLOOKUP($A21, Quotations!$C$2:C1756, Quotations!$D$2:D1756, "")} -> 24.03 | D21: {=XLOOKUP($A21, Quotations!$E$2:E1756, Quotations!$F$2:F1756, "")} -> 111.98 | E21: {=XLOOKUP($A21, Quotations!$G$2:G1756, Quotations!$H$2:H1756, "")} -> 121.5 | F21: {=XLOOKUP($A21, Quotations!$I$2:I1756, Quotations!$J$2:J1756, "")} -> 123.6 | G21: {=XLOOKUP($A21, Quotations!$K$2:K1756, Quotations!$L$2:L1756, "")} -> 1311.3099
A22: 41668 | B22: {=XLOOKUP($A22, Quotations!$A$2:A1756, Quotations!$B$2:B1756, "")} -> 119.82 | C22: {=XLOOKUP($A22, Quotations!$C$2:C1756, Quotations!$D$2:D1756, "")} -> 24.04 | D22: {=XLOOKUP($A22, Quotations!$E$2:E1756, Quotations!$F$2:F1756, "")} -> 111.93 | E22: {=XLOOKUP($A22, Quotations!$G$2:G1756, Quotations!$H$2:H1756, "")} -> 121.67 | F22: {=XLOOKUP($A22, Quotations!$I$2:I1756, Quotations!$J$2:J1756, "")} -> 123.81 | G22: {=XLOOKUP($A22, Quotations!$K$2:K1756, Quotations!$L$2:L1756, "")} -> 1319.2861
A23: 41669 | B23: {=XLOOKUP($A23, Quotations!$A$2:A1756, Quotations!$B$2:B1756, "")} -> 119.77 | C23: {=XLOOKUP($A23, Quotations!$C$2:C1756, Quotations!$D$2:D1756, "")} -> 24.06 | D23: {=XLOOKUP($A23, Quotations!$E$2:E1756, Quotations!$F$2:F1756, "")} -> 111.94 | E23: {=XLOOKUP($A23, Quotations!$G$2:G1756, Quotations!$H$2:H1756, "")} -> 121.29 | F23: {=XLOOKUP($A23, Quotations!$I$2:I1756, Quotations!$J$2:J1756, "")} -> 123.78 | G23: {=XLOOKUP($A23, Quotations!$K$2:K1756, Quotations!$L$2:L1756, "")} -> 1314.6516
A24: 41670 | B24: {=XLOOKUP($A24, Quotations!$A$2:A1756, Quotations!$B$2:B1756, "")} -> 119.68 | C24: {=XLOOKUP($A24, Quotations!$C$2:C1756, Quotations!$D$2:D1756, "")} -> 24.07 | D24: {=XLOOKUP($A24, Quotations!$E$2:E1756, Quotations!$F$2:F1756, "")} -> 111.91 | E24: {=XLOOKUP($A24, Quotations!$G$2:G1756, Quotations!$H$2:H1756, "")} -> 121.4 | F24: {=XLOOKUP($A24, Quotations!$I$2:I1756, Quotations!$J$2:J1756, "")} -> 123.79 | G24: {=XLOOKUP($A24, Quotations!$K$2:K1756, Quotations!$L$2:L1756, "")} -> 1319.4934
A25: 41673 | B25: {=XLOOKUP($A25, Quotations!$A$2:A1756, Quotations!$B$2:B1756, "")} -> 119.38 | C25: {=XLOOKUP($A25, Quotations!$C$2:C1756, Quotations!$D$2:D1756, "")} -> 24.08 | D25: {=XLOOKUP($A25, Quotations!$E$2:E1756, Quotations!$F$2:F1756, "")} -> 111.92 | E25: {=XLOOKUP($A25, Quotations!$G$2:G1756, Quotations!$H$2:H1756, "")} -> 121.2 | F25: {=XLOOKUP($A25, Quotations!$I$2:I1756, Quotations!$J$2:J1756, "")} -> 123.84 | G25: {=XLOOKUP($A25, Quotations!$K$2:K1756, Quotations!$L$2:L1756, "")} -> 1317.761
A26: 41674 | B26: {=XLOOKUP($A26, Quotations!$A$2:A1756, Quotations!$B$2:B1756, "")} -> 119.25 | C26: {=XLOOKUP($A26, Quotations!$C$2:C1756, Quotations!$D$2:D1756, "")} -> 24.09 | D26: {=XLOOKUP($A26, Quotations!$E$2:E1756, Quotations!$F$2:F1756, "")} -> 111.93 | E26: {=XLOOKUP($A26, Quotations!$G$2:G1756, Quotations!$H$2:H1756, "")} -> 120.5 | F26: {=XLOOKUP($A26, Quotations!$I$2:I1756, Quotations!$J$2:J1756, "")} -> 123.54 | G26: {=XLOOKUP($A26, Quotations!$K$2:K1756, Quotations!$L$2:L1756, "")} -> 1305.0507
A27: 41675 | B27: {=XLOOKUP($A27, Quotations!$A$2:A1756, Quotations!$B$2:B1756, "")} -> 119.32 | C27: {=XLOOKUP($A27, Quotations!$C$2:C1756, Quotations!$D$2:D1756, "")} -> 24.08 | D27: {=XLOOKUP($A27, Quotations!$E$2:E1756, Quotations!$F$2:F1756, "")} -> 111.94 | E27: {=XLOOKUP($A27, Quotations!$G$2:G1756, Quotations!$H$2:H1756, "")} -> 120.2 | F27: {=XLOOKUP($A27, Quotations!$I$2:I1756, Quotations!$J$2:J1756, "")} -> 123.29 | G27: {=XLOOKUP($A27, Quotations!$K$2:K1756, Quotations!$L$2:L1756, "")} -> 1306.6079
A28: 41676 | B28: {=XLOOKUP($A28, Quotations!$A$2:A1756, Quotations!$B$2:B1756, "")} -> 119.7 | C28: {=XLOOKUP($A28, Quotations!$C$2:C1756, Quotations!$D$2:D1756, "")} -> 24.07 | D28: {=XLOOKUP($A28, Quotations!$E$2:E1756, Quotations!$F$2:F1756, "")} -> 111.98 | E28: {=XLOOKUP($A28, Quotations!$G$2:G1756, Quotations!$H$2:H1756, "")} -> 120.19 | F28: {=XLOOKUP($A28, Quotations!$I$2:I1756, Quotations!$J$2:J1756, "")} -> 123.43 | G28: {=XLOOKUP($A28, Quotations!$K$2:K1756, Quotations!$L$2:L1756, "")} -> 1308.2034
A29: 41677 | B29: {=XLOOKUP($A29, Quotations!$A$2:A1756, Quotations!$B$2:B1756, "")} -> 120 | C29: {=XLOOKUP($A29, Quotations!$C$2:C1756, Quotations!$D$2:D1756, "")} -> 24.07 | D29: {=XLOOKUP($A29, Quotations!$E$2:E1756, Quotations!$F$2:F1756, "")} -> 111.97 | E29: {=XLOOKUP($A29, Quotations!$G$2:G1756, Quotations!$H$2:H1756, "")} -> 120.22 | F29: {=XLOOKUP($A29, Quotations!$I$2:I1756, Quotations!$J$2:J1756, "")} -> 123.95 | G29: {=XLOOKUP($A29, Quotations!$K$2:K1756, Quotations!$L$2:L1756, "")} -> 1317.5326
A30: 41680 | B30: {=XLOOKUP($A30, Quotations!$A$2:A1756, Quotations!$B$2:B1756, "")} -> 119.97 | C30: {=XLOOKUP($A30, Quotations!$C$2:C1756, Quotations!$D$2:D1756, "")} -> 24.07 | D30: {=XLOOKUP($A30, Quotations!$E$2:E1756, Quotations!$F$2:F1756, "")} -> 112 | E30: {=XLOOKUP($A30, Quotations!$G$2:G1756, Quotations!$H$2:H1756, "")} -> 120.18 | F30: {=XLOOKUP($A30, Quotations!$I$2:I1756, Quotations!$J$2:J1756, "")} -> 124.24 | G30: {=XLOOKUP($A30, Quotations!$K$2:K1756, Quotations!$L$2:L1756, "")} -> 1324.1587
A31: 41681 | B31: {=XLOOKUP($A31, Quotations!$A$2:A1756, Quotations!$B$2:B1756, "")} -> 120.42 | C31: {=XLOOKUP($A31, Quotations!$C$2:C1756, Quotations!$D$2:D1756, "")} -> 24.08 | D31: {=XLOOKUP($A31, Quotations!$E$2:E1756, Quotations!$F$2:F1756, "")} -> 112.05 | E31: {=XLOOKUP($A31, Quotations!$G$2:G1756, Quotations!$H$2:H1756, "")} -> 120.17 | F31: {=XLOOKUP($A31, Quotations!$I$2:I1756, Quotations!$J$2:J1756, "")} -> 124.35 | G31: {=XLOOKUP($A31, Quotations!$K$2:K1756, Quotations!$L$2:L1756, "")} -> 1325.7616
A32: 41682 | B32: {=XLOOKUP($A32, Quotations!$A$2:A1756, Quotations!$B$2:B1756, "")} -> 120.69 | C32: {=XLOOKUP($A32, Quotations!$C$2:C1756, Quotations!$D$2:D1756, "")} -> 24.11 | D32: {=XLOOKUP($A32, Quotations!$E$2:E1756, Quotations!$F$2:F1756, "")} -> 112.07 | E32: {=XLOOKUP($A32, Quotations!$G$2:G1756, Quotations!$H$2:H1756, "")} -> 120.23 | F32: {=XLOOKUP($A32, Quotations!$I$2:I1756, Quotations!$J$2:J1756, "")} -> 124.81 | G32: {=XLOOKUP($A32, Quotations!$K$2:K1756, Quotations!$L$2:L1756, "")} -> 1332.4847
A33: 41683 | B33: {=XLOOKUP($A33, Quotations!$A$2:A1756, Quotations!$B$2:B1756, "")} -> 120.69 | C33: {=XLOOKUP($A33, Quotations!$C$2:C1756, Quotations!$D$2:D1756, "")} -> 24.08 | D33: {=XLOOKUP($A33, Quotations!$E$2:E1756, Quotations!$F$2:F1756, "")} -> 112.05 | E33: {=XLOOKUP($A33, Quotations!$G$2:G1756, Quotations!$H$2:H1756, "")} -> 120.54 | F33: {=XLOOKUP($A33, Quotations!$I$2:I1756, Quotations!$J$2:J1756, "")} -> 124.94 | G33: {=XLOOKUP($A33, Quotations!$K$2:K1756, Quotations!$L$2:L1756, "")} -> 1334.195
A34: 41684 | B34: {=XLOOKUP($A34, Quotations!$A$2:A1756, Quotations!$B$2:B1756, "")} -> 120.99 | C34: {=XLOOKUP($A34, Quotations!$C$2:C1756, Quotations!$D$2:D1756, "")} -> 24.09 | D34: {=XLOOKUP($A34, Quotations!$E$2:E1756, Quotations!$F$2:F1756, "")} -> 112.1 | E34: {=XLOOKUP($A34, Quotations!$G$2:G1756, Quotations!$H$2:H1756, "")} -> 120.73 | F34: {=XLOOKUP($A34, Quotations!$I$2:I1756, Quotations!$J$2:J1756, "")} -> 125.03 | G34: {=XLOOKUP($A34, Quotations!$K$2:K1756, Quotations!$L$2:L1756, "")} -> 1337.2798
A35: 41687 | B35: {=XLOOKUP($A35, Quotations!$A$2:A1756, Quotations!$B$2:B1756, "")} -> 121.29 | C35: {=XLOOKUP($A35, Quotations!$C$2:C1756, Quotations!$D$2:D1756, "")} -> 24.08 | D35: {=XLOOKUP($A35, Quotations!$E$2:E1756, Quotations!$F$2:F1756, "")} -> 112.13 | E35: {=XLOOKUP($A35, Quotations!$G$2:G1756, Quotations!$H$2:H1756, "")} -> 121 | F35: {=XLOOKUP($A35, Quotations!$I$2:I1756, Quotations!$J$2:J1756, "")} -> 125.23 | G35: {=XLOOKUP($A35, Quotations!$K$2:K1756, Quotations!$L$2:L1756, "")} -> 1341.0316
A36: 41688 | B36: {=XLOOKUP($A36, Quotations!$A$2:A1756, Quotations!$B$2:B1756, "")} -> 121.34 | C36: {=XLOOKUP($A36, Quotations!$C$2:C1756, Quotations!$D$2:D1756, "")} -> 24.07 | D36: {=XLOOKUP($A36, Quotations!$E$2:E1756, Quotations!$F$2:F1756, "")} -> 112.11 | E36: {=XLOOKUP($A36, Quotations!$G$2:G1756, Quotations!$H$2:H1756, "")} -> 121.06 | F36: {=XLOOKUP($A36, Quotations!$I$2:I1756, Quotations!$J$2:J1756, "")} -> 125.38 | G36: {=XLOOKUP($A36, Quotations!$K$2:K1756, Quotations!$L$2:L1756, "")} -> 1343.233
A37: 41689 | B37: {=XLOOKUP($A37, Quotations!$A$2:A1756, Quotations!$B$2:B1756, "")} -> 121.47 | C37: {=XLOOKUP($A37, Quotations!$C$2:C1756, Quotations!$D$2:D1756, "")} -> 24.07 | D37: {=XLOOKUP($A37, Quotations!$E$2:E1756, Quotations!$F$2:F1756, "")} -> 112.12 | E37: {=XLOOKUP($A37, Quotations!$G$2:G1756, Quotations!$H$2:H1756, "")} -> 121.12 | F37: {=XLOOKUP($A37, Quotations!$I$2:I1756, Quotations!$J$2:J1756, "")} -> 125.43 | G37: {=XLOOKUP($A37, Quotations!$K$2:K1756, Quotations!$L$2:L1756, "")} -> 1346.6799
A38: 41690 | B38: {=XLOOKUP($A38, Quotations!$A$2:A1756, Quotations!$B$2:B1756, "")} -> 121.49 | C38: {=XLOOKUP($A38, Quotations!$C$2:C1756, Quotations!$D$2:D1756, "")} -> 24.06 | D38: {=XLOOKUP($A38, Quotations!$E$2:E1756, Quotations!$F$2:F1756, "")} -> 112.14 | E38: {=XLOOKUP($A38, Quotations!$G$2:G1756, Quotations!$H$2:H1756, "")} -> 121.02 | F38: {=XLOOKUP($A38, Quotations!$I$2:I1756, Quotations!$J$2:J1756, "")} -> 125.44 | G38: {=XLOOKUP($A38, Quotations!$K$2:K1756, Quotations!$L$2:L1756, "")} -> 1344.3285
A39: 41691 | B39: {=XLOOKUP($A39, Quotations!$A$2:A1756, Quotations!$B$2:B1756, "")} -> 121.78 | C39: {=XLOOKUP($A39, Quotations!$C$2:C1756, Quotations!$D$2:D1756, "")} -> 24.05 | D39: {=XLOOKUP($A39, Quotations!$E$2:E1756, Quotations!$F$2:F1756, "")} -> 112.13 | E39: {=XLOOKUP($A39, Quotations!$G$2:G1756, Quotations!$H$2:H1756, "")} -> 120.76 | F39: {=XLOOKUP($A39, Quotations!$I$2:I1756, Quotations!$J$2:J1756, "")} -> 125.43 | G39: {=XLOOKUP($A39, Quotations!$K$2:K1756, Quotations!$L$2:L1756, "")} -> 1347.5759
A40: 41694 | B40: {=XLOOKUP($A40, Quotations!$A$2:A1756, Quotations!$B$2:B1756, "")} -> 122.09 | C40: {=XLOOKUP($A40, Quotations!$C$2:C1756, Quotations!$D$2:D1756, "")} -> 24.07 | D40: {=XLOOKUP($A40, Quotations!$E$2:E1756, Quotations!$F$2:F1756, "")} -> 112.18 | E40: {=XLOOKUP($A40, Quotations!$G$2:G1756, Quotations!$H$2:H1756, "")} -> 121.01 | F40: {=XLOOKUP($A40, Quotations!$I$2:I1756, Quotations!$J$2:J1756, "")} -> 125.57 | G40: {=XLOOKUP($A40, Quotations!$K$2:K1756, Quotations!$L$2:L1756, "")} -> 1349.1462
A41: 41695 | B41: {=XLOOKUP($A41, Quotations!$A$2:A1756, Quotations!$B$2:B1756, "")} -> 122.3 | C41: {=XLOOKUP($A41, Quotations!$C$2:C1756, Quotations!$D$2:D1756, "")} -> 24.07 | D41: {=XLOOKUP($A41, Quotations!$E$2:E1756, Quotations!$F$2:F1756, "")} -> 112.2 | E41: {=XLOOKUP($A41, Quotations!$G$2:G1756, Quotations!$H$2:H1756, "")} -> 121.16 | F41: {=XLOOKUP($A41, Quotations!$I$2:I1756, Quotations!$J$2:J1756, "")} -> 125.92 | G41: {=XLOOKUP($A41, Quotations!$K$2:K1756, Quotations!$L$2:L1756, "")} -> 1352.7133
A42: 41696 | B42: {=XLOOKUP($A42, Quotations!$A$2:A1756, Quotations!$B$2:B1756, "")} -> 122.36 | C42: {=XLOOKUP($A42, Quotations!$C$2:C1756, Quotations!$D$2:D1756, "")} -> 24.08 | D42: {=XLOOKUP($A42, Quotations!$E$2:E1756, Quotations!$F$2:F1756, "")} -> 112.19 | E42: {=XLOOKUP($A42, Quotations!$G$2:G1756, Quotations!$H$2:H1756, "")} -> 121.26 | F42: {=XLOOKUP($A42, Quotations!$I$2:I1756, Quotations!$J$2:J1756, "")} -> 125.92 | G42: {=XLOOKUP($A42, Quotations!$K$2:K1756, Quotations!$L$2:L1756, "")} -> 1353.2382
A43: 41697 | B43: {=XLOOKUP($A43, Quotations!$A$2:A1756, Quotations!$B$2:B1756, "")} -> 122.41 | C43: {=XLOOKUP($A43, Quotations!$C$2:C1756, Quotations!$D$2:D1756, "")} -> 24.08 | D43: {=XLOOKUP($A43, Quotations!$E$2:E1756, Quotations!$F$2:F1756, "")} -> 112.2 | E43: {=XLOOKUP($A43, Quotations!$G$2:G1756, Quotations!$H$2:H1756, "")} -> 121.06 | F43: {=XLOOKUP($A43, Quotations!$I$2:I1756, Quotations!$J$2:J1756, "")} -> 125.9 | G43: {=XLOOKUP($A43, Quotations!$K$2:K1756, Quotations!$L$2:L1756, "")} -> 1355.9033
A44: 41698 | B44: {=XLOOKUP($A44, Quotations!$A$2:A1756, Quotations!$B$2:B1756, "")} -> 122.59 | C44: {=XLOOKUP($A44, Quotations!$C$2:C1756, Quotations!$D$2:D1756, "")} -> 24.06 | D44: {=XLOOKUP($A44, Quotations!$E$2:E1756, Quotations!$F$2:F1756, "")} -> 112.25 | E44: {=XLOOKUP($A44, Quotations!$G$2:G1756, Quotations!$H$2:H1756, "")} -> 120.86 | F44: {=XLOOKUP($A44, Quotations!$I$2:I1756, Quotations!$J$2:J1756, "")} -> 126.02 | G44: {=XLOOKUP($A44, Quotations!$K$2:K1756, Quotations!$L$2:L1756, "")} -> 1364.759
A45: 41701 | B45: {=XLOOKUP($A45, Quotations!$A$2:A1756, Quotations!$B$2:B1756, "")} -> 121.68 | C45: {=XLOOKUP($A45, Quotations!$C$2:C1756, Quotations!$D$2:D1756, "")} -> 24.06 | D45: {=XLOOKUP($A45, Quotations!$E$2:E1756, Quotations!$F$2:F1756, "")} -> 112.12 | E45: {=XLOOKUP($A45, Quotations!$G$2:G1756, Quotations!$H$2:H1756, "")} -> 120.99 | F45: {=XLOOKUP($A45, Quotations!$I$2:I1756, Quotations!$J$2:J1756, "")} -> 125.9 | G45: {=XLOOKUP($A45, Quotations!$K$2:K1756, Quotations!$L$2:L1756, "")} -> 1357.1137
A46: 41702 | B46: {=XLOOKUP($A46, Quotations!$A$2:A1756, Quotations!$B$2:B1756, "")} -> 122.5 | C46: {=XLOOKUP($A46, Quotations!$C$2:C1756, Quotations!$D$2:D1756, "")} -> 24.07 | D46: {=XLOOKUP($A46, Quotations!$E$2:E1756, Quotations!$F$2:F1756, "")} -> 112.22 | E46: {=XLOOKUP($A46, Quotations!$G$2:G1756, Quotations!$H$2:H1756, "")} -> 119.65 | F46: {=XLOOKUP($A46, Quotations!$I$2:I1756, Quotations!$J$2:J1756, "")} -> 125.47 | G46: {=XLOOKUP($A46, Quotations!$K$2:K1756, Quotations!$L$2:L1756, "")} -> 1349.2191
A47: 41703 | B47: {=XLOOKUP($A47, Quotations!$A$2:A1756, Quotations!$B$2:B1756, "")} -> 122.57 | C47: {=XLOOKUP($A47, Quotations!$C$2:C1756, Quotations!$D$2:D1756, "")} -> 24.08 | D47: {=XLOOKUP($A47, Quotations!$E$2:E1756, Quotations!$F$2:F1756, "")} -> 112.22 | E47: {=XLOOKUP($A47, Quotations!$G$2:G1756, Quotations!$H$2:H1756, "")} -> 120.66 | F47: {=XLOOKUP($A47, Quotations!$I$2:I1756, Quotations!$J$2:J1756, "")} -> 126.07 | G47: {=XLOOKUP($A47, Quotations!$K$2:K1756, Quotations!$L$2:L1756, "")} -> 1359.6813
A48: 41704 | B48: {=XLOOKUP($A48, Quotations!$A$2:A1756, Quotations!$B$2:B1756, "")} -> 122.74 | C48: {=XLOOKUP($A48, Quotations!$C$2:C1756, Quotations!$D$2:D1756, "")} -> 24.07 | D48: {=XLOOKUP($A48, Quotations!$E$2:E1756, Quotations!$F$2:F1756, "")} -> 112.21 | E48: {=XLOOKUP($A48, Quotations!$G$2:G1756, Quotations!$H$2:H1756, "")} -> 120.38 | F48: {=XLOOKUP($A48, Quotations!$I$2:I1756, Quotations!$J$2:J1756, "")} -> 125.98 | G48: {=XLOOKUP($A48, Quotations!$K$2:K1756, Quotations!$L$2:L1756, "")} -> 1361.6333
A49: 41705 | B49: {=XLOOKUP($A49, Quotations!$A$2:A1756, Quotations!$B$2:B1756, "")} -> 122.54 | C49: {=XLOOKUP($A49, Quotations!$C$2:C1756, Quotations!$D$2:D1756, "")} -> 24.06 | D49: {=XLOOKUP($A49, Quotations!$E$2:E1756, Quotations!$F$2:F1756, "")} -> 112.19 | E49: {=XLOOKUP($A49, Quotations!$G$2:G1756, Quotations!$H$2:H1756, "")} -> 120.3 | F49: {=XLOOKUP($A49, Quotations!$I$2:I1756, Quotations!$J$2:J1756, "")} -> 126.03 | G49: {=XLOOKUP($A49, Quotations!$K$2:K1756, Quotations!$L$2:L1756, "")} -> 1364.042
A50: 41708 | B50: {=XLOOKUP($A50, Quotations!$A$2:A1756, Quotations!$B$2:B1756, "")} -> 122.43 | C50: {=XLOOKUP($A50, Quotations!$C$2:C1756, Quotations!$D$2:D1756, "")} -> 24.05 | D50: {=XLOOKUP($A50, Quotations!$E$2:E1756, Quotations!$F$2:F1756, "")} -> 112.15 | E50: {=XLOOKUP($A50, Quotations!$G$2:G1756, Quotations!$H$2:H1756, "")} -> 119.33 | F50: {=XLOOKUP($A50, Quotations!$I$2:I1756, Quotations!$J$2:J1756, "")} -> 125.64 | G50: {=XLOOKUP($A50, Quotations!$K$2:K1756, Quotations!$L$2:L1756, "")} -> 1360.7041
A51: 41709 | B51: {=XLOOKUP($A51, Quotations!$A$2:A1756, Quotations!$B$2:B1756, "")} -> 122.45 | C51: {=XLOOKUP($A51, Quotations!$C$2:C1756, Quotations!$D$2:D1756, "")} -> 24.06 | D51: {=XLOOKUP($A51, Quotations!$E$2:E1756, Quotations!$F$2:F1756, "")} -> 112.15 | E51: {=XLOOKUP($A51, Quotations!$G$2:G1756, Quotations!$H$2:H1756, "")} -> 118.94 | F51: {=XLOOKUP($A51, Quotations!$I$2:I1756, Quotations!$J$2:J1756, "")} -> 125.48 | G51: {=XLOOKUP($A51, Quotations!$K$2:K1756, Quotations!$L$2:L1756, "")} -> 1356.5109
A52: 41710 | B52: {=XLOOKUP($A52, Quotations!$A$2:A1756, Quotations!$B$2:B1756, "")} -> 121.99 | C52: {=XLOOKUP($A52, Quotations!$C$2:C1756, Quotations!$D$2:D1756, "")} -> 24.04 | D52: {=XLOOKUP($A52, Quotations!$E$2:E1756, Quotations!$F$2:F1756, "")} -> 112.06 | E52: {=XLOOKUP($A52, Quotations!$G$2:G1756, Quotations!$H$2:H1756, "")} -> 119.04 | F52: {=XLOOKUP($A52, Quotations!$I$2:I1756, Quotations!$J$2:J1756, "")} -> 125.49 | G52: {=XLOOKUP($A52, Quotations!$K$2:K1756, Quotations!$L$2:L1756, "")} -> 1354.0624
A53: 41711 | B53: {=XLOOKUP($A53, Quotations!$A$2:A1756, Quotations!$B$2:B1756, "")} -> 121.64 | C53: {=XLOOKUP($A53, Quotations!$C$2:C1756, Quotations!$D$2:D1756, "")} -> 24.05 | D53: {=XLOOKUP($A53, Quotations!$E$2:E1756, Quotations!$F$2:F1756, "")} -> 111.96 | E53: {=XLOOKUP($A53, Quotations!$G$2:G1756, Quotations!$H$2:H1756, "")} -> 118.68 | F53: {=XLOOKUP($A53, Quotations!$I$2:I1756, Quotations!$J$2:J1756, "")} -> 125.31 | G53: {=XLOOKUP($A53, Quotations!$K$2:K1756, Quotations!$L$2:L1756, "")} -> 1351.4203
A54: 41712 | B54: {=XLOOKUP($A54, Quotations!$A$2:A1756, Quotations!$B$2:B1756, "")} -> 121.28 | C54: {=XLOOKUP($A54, Quotations!$C$2:C1756, Quotations!$D$2:D1756, "")} -> 24.04 | D54: {=XLOOKUP($A54, Quotations!$E$2:E1756, Quotations!$F$2:F1756, "")} -> 111.93 | E54: {=XLOOKUP($A54, Quotations!$G$2:G1756, Quotations!$H$2:H1756, "")} -> 118.46 | F54: {=XLOOKUP($A54, Quotations!$I$2:I1756, Quotations!$J$2:J1756, "")} -> 125.1 | G54: {=XLOOKUP($A54, Quotations!$K$2:K1756, Quotations!$L$2:L1756, "")} -> 1342.7042
A55: 41715 | B55: {=XLOOKUP($A55, Quotations!$A$2:A1756, Quotations!$B$2:B1756, "")} -> 121.85 | C55: {=XLOOKUP($A55, Quotations!$C$2:C1756, Quotations!$D$2:D1756, "")} -> 24.05 | D55: {=XLOOKUP($A55, Quotations!$E$2:E1756, Quotations!$F$2:F1756, "")} -> 111.97 | E55: {=XLOOKUP($A55, Quotations!$G$2:G1756, Quotations!$H$2:H1756, "")} -> 118.89 | F55: {=XLOOKUP($A55, Quotations!$I$2:I1756, Quotations!$J$2:J1756, "")} -> 124.72 | G55: {=XLOOKUP($A55, Quotations!$K$2:K1756, Quotations!$L$2:L1756, "")} -> 1339.6116
A56: 41716 | B56: {=XLOOKUP($A56, Quotations!$A$2:A1756, Quotations!$B$2:B1756, "")} -> 122.26 | C56: {=XLOOKUP($A56, Quotations!$C$2:C1756, Quotations!$D$2:D1756, "")} -> 24.06 | D56: {=XLOOKUP($A56, Quotations!$E$2:E1756, Quotations!$F$2:F1756, "")} -> 112.04 | E56: {=XLOOKUP($A56, Quotations!$G$2:G1756, Quotations!$H$2:H1756, "")} -> 118.78 | F56: {=XLOOKUP($A56, Quotations!$I$2:I1756, Quotations!$J$2:J1756, "")} -> 124.76 | G56: {=XLOOKUP($A56, Quotations!$K$2:K1756, Quotations!$L$2:L1756, "")} -> 1346.7214
A57: 41717 | B57: {=XLOOKUP($A57, Quotations!$A$2:A1756, Quotations!$B$2:B1756, "")} -> 122.48 | C57: {=XLOOKUP($A57, Quotations!$C$2:C1756, Quotations!$D$2:D1756, "")} -> 24.06 | D57: {=XLOOKUP($A57, Quotations!$E$2:E1756, Quotations!$F$2:F1756, "")} -> 112.11 | E57: {=XLOOKUP($A57, Quotations!$G$2:G1756, Quotations!$H$2:H1756, "")} -> 118.75 | F57: {=XLOOKUP($A57, Quotations!$I$2:I1756, Quotations!$J$2:J1756, "")} -> 124.91 | G57: {=XLOOKUP($A57, Quotations!$K$2:K1756, Quotations!$L$2:L1756, "")} -> 1353.1835
A58: 41718 | B58: {=XLOOKUP($A58, Quotations!$A$2:A1756, Quotations!$B$2:B1756, "")} -> 122.32 | C58: {=XLOOKUP($A58, Quotations!$C$2:C1756, Quotations!$D$2:D1756, "")} -> 24.08 | D58: {=XLOOKUP($A58, Quotations!$E$2:E1756, Quotations!$F$2:F1756, "")} -> 112.13 | E58: {=XLOOKUP($A58, Quotations!$G$2:G1756, Quotations!$H$2:H1756, "")} -> 118.63 | F58: {=XLOOKUP($A58, Quotations!$I$2:I1756, Quotations!$J$2:J1756, "")} -> 124.81 | G58: {=XLOOKUP($A58, Quotations!$K$2:K1756, Quotations!$L$2:L1756, "")} -> 1351.1322
A59: 41719 | B59: {=XLOOKUP($A59, Quotations!$A$2:A1756, Quotations!$B$2:B1756, "")} -> 122.41 | C59: {=XLOOKUP($A59, Quotations!$C$2:C1756, Quotations!$D$2:D1756, "")} -> 24.08 | D59: {=XLOOKUP($A59, Quotations!$E$2:E1756, Quotations!$F$2:F1756, "")} -> 112.17 | E59: {=XLOOKUP($A59, Quotations!$G$2:G1756, Quotations!$H$2:H1756, "")} -> 118.37 | F59: {=XLOOKUP($A59, Quotations!$I$2:I1756, Quotations!$J$2:J1756, "")} -> 124.71 | G59: {=XLOOKUP($A59, Quotations!$K$2:K1756, Quotations!$L$2:L1756, "")} -> 1351.2667
A60: 41722 | B60: {=XLOOKUP($A60, Quotations!$A$2:A1756, Quotations!$B$2:B1756, "")} -> 121.99 | C60: {=XLOOKUP($A60, Quotations!$C$2:C1756, Quotations!$D$2:D1756, "")} -> 24.09 | D60: {=XLOOKUP($A60, Quotations!$E$2:E1756, Quotations!$F$2:F1756, "")} -> 112.21 | E60: {=XLOOKUP($A60, Quotations!$G$2:G1756, Quotations!$H$2:H1756, "")} -> 118.53 | F60: {=XLOOKUP($A60, Quotations!$I$2:I1756, Quotations!$J$2:J1756, "")} -> 124.74 | G60: {=XLOOKUP($A60, Quotations!$K$2:K1756, Quotations!$L$2:L1756, "")} -> 1350.5324
A61: 41723 | B61: {=XLOOKUP($A61, Quotations!$A$2:A1756, Quotations!$B$2:B1756, "")} -> 122.35 | C61: {=XLOOKUP($A61, Quotations!$C$2:C1756, Quotations!$D$2:D1756, "")} -> 24.1 | D61: {=XLOOKUP($A61, Quotations!$E$2:E1756, Quotations!$F$2:F1756, "")} -> 112.25 | E61: {=XLOOKUP($A61, Quotations!$G$2:G1756, Quotations!$H$2:H1756, "")} -> 118.28 | F61: {=XLOOKUP($A61, Quotations!$I$2:I1756, Quotations!$J$2:J1756, "")} -> 124.74 | G61: {=XLOOKUP($A61, Quotations!$K$2:K1756, Quotations!$L$2:L1756, "")} -> 1344.8619
A62: 41724 | B62: {=XLOOKUP($A62, Quotations!$A$2:A1756, Quotations!$B$2:B1756, "")} -> 122.84 | C62: {=XLOOKUP($A62, Quotations!$C$2:C1756, Quotations!$D$2:D1756, "")} -> 24.11 | D62: {=XLOOKUP($A62, Quotations!$E$2:E1756, Quotations!$F$2:F1756, "")} -> 112.32 | E62: {=XLOOKUP($A62, Quotations!$G$2:G1756, Quotations!$H$2:H1756, "")} -> 118.72 | F62: {=XLOOKUP($A62, Quotations!$I$2:I1756, Quotations!$J$2:J1756, "")} -> 124.85 | G62: {=XLOOKUP($A62, Quotations!$K$2:K1756, Quotations!$L$2:L1756, "")} -> 1348.3263
A63: 41725 | B63: {=XLOOKUP($A63, Quotations!$A$2:A1756, Quotations!$B$2:B1756, "")} -> 122.98 | C63: {=XLOOKUP($A63, Quotations!$C$2:C1756, Quotations!$D$2:D1756, "")} -> 24.14 | D63: {=XLOOKUP($A63, Quotations!$E$2:E1756, Quotations!$F$2:F1756, "")} -> 112.34 | E63: {=XLOOKUP($A63, Quotations!$G$2:G1756, Quotations!$H$2:H1756, "")} -> 119.09 | F63: {=XLOOKUP($A63, Quotations!$I$2:I1756, Quotations!$J$2:J1756, "")} -> 124.82 | G63: {=XLOOKUP($A63, Quotations!$K$2:K1756, Quotations!$L$2:L1756, "")} -> 1346.6311
A64: 41726 | B64: {=XLOOKUP($A64, Quotations!$A$2:A1756, Quotations!$B$2:B1756, "")} -> 123.54 | C64: {=XLOOKUP($A64, Quotations!$C$2:C1756, Quotations!$D$2:D1756, "")} -> 24.13 | D64: {=XLOOKUP($A64, Quotations!$E$2:E1756, Quotations!$F$2:F1756, "")} -> 112.39 | E64: {=XLOOKUP($A64, Quotations!$G$2:G1756, Quotations!$H$2:H1756, "")} -> 119.25 | F64: {=XLOOKUP($A64, Quotations!$I$2:I1756, Quotations!$J$2:J1756, "")} -> 124.95 | G64: {=XLOOKUP($A64, Quotations!$K$2:K1756, Quotations!$L$2:L1756, "")} -> 1345.476
A65: 41729 | B65: {=XLOOKUP($A65, Quotations!$A$2:A1756, Quotations!$B$2:B1756, "")} -> 123.6 | C65: {=XLOOKUP($A65, Quotations!$C$2:C1756, Quotations!$D$2:D1756, "")} -> 24.13 | D65: {=XLOOKUP($A65, Quotations!$E$2:E1756, Quotations!$F$2:F1756, "")} -> 112.44 | E65: {=XLOOKUP($A65, Quotations!$G$2:G1756, Quotations!$H$2:H1756, "")} -> 119.32 | F65: {=XLOOKUP($A65, Quotations!$I$2:I1756, Quotations!$J$2:J1756, "")} -> 125.07 | G65: {=XLOOKUP($A65, Quotations!$K$2:K1756, Quotations!$L$2:L1756, "")} -> 1350.203
A66: 41730 | B66: {=XLOOKUP($A66, Quotations!$A$2:A1756, Quotations!$B$2:B1756, "")} -> 123.97 | C66: {=XLOOKUP($A66, Quotations!$C$2:C1756, Quotations!$D$2:D1756, "")} -> 24.13 | D66: {=XLOOKUP($A66, Quotations!$E$2:E1756, Quotations!$F$2:F1756, "")} -> 112.5 | E66: {=XLOOKUP($A66, Quotations!$G$2:G1756, Quotations!$H$2:H1756, "")} -> 119.16 | F66: {=XLOOKUP($A66, Quotations!$I$2:I1756, Quotations!$J$2:J1756, "")} -> 125.17 | G66: {=XLOOKUP($A66, Quotations!$K$2:K1756, Quotations!$L$2:L1756, "")} -> 1355.4878
A67: 41731 | B67: {=XLOOKUP($A67, Quotations!$A$2:A1756, Quotations!$B$2:B1756, "")} -> 124.29 | C67: {=XLOOKUP($A67, Quotations!$C$2:C1756, Quotations!$D$2:D1756, "")} -> 24.13 | D67: {=XLOOKUP($A67, Quotations!$E$2:E1756, Quotations!$F$2:F1756, "")} -> 112.57 | E67: {=XLOOKUP($A67, Quotations!$G$2:G1756, Quotations!$H$2:H1756, "")} -> 119.13 | F67: {=XLOOKUP($A67, Quotations!$I$2:I1756, Quotations!$J$2:J1756, "")} -> 125.04 | G67: {=XLOOKUP($A67, Quotations!$K$2:K1756, Quotations!$L$2:L1756, "")} -> 1363.3962
A68: 41732 | B68: {=XLOOKUP($A68, Quotations!$A$2:A1756, Quotations!$B$2:B1756, "")} -> 124.57 | C68: {=XLOOKUP($A68, Quotations!$C$2:C1756, Quotations!$D$2:D1756, "")} -> 24.14 | D68: {=XLOOKUP($A68, Quotations!$E$2:E1756, Quotations!$F$2:F1756, "")} -> 112.62 | E68: {=XLOOKUP($A68, Quotations!$G$2:G1756, Quotations!$H$2:H1756, "")} -> 118.98 | F68: {=XLOOKUP($A68, Quotations!$I$2:I1756, Quotations!$J$2:J1756, "")} -> 125.15 | G68: {=XLOOKUP($A68, Quotations!$K$2:K1756, Quotations!$L$2:L1756, "")} -> 1365.8854
A69: 41733 | B69: {=XLOOKUP($A69, Quotations!$A$2:A1756, Quotations!$B$2:B1756, "")} -> 124.8 | C69: {=XLOOKUP($A69, Quotations!$C$2:C1756, Quotations!$D$2:D1756, "")} -> 24.17 | D69: {=XLOOKUP($A69, Quotations!$E$2:E1756, Quotations!$F$2:F1756, "")} -> 112.67 | E69: {=XLOOKUP($A69, Quotations!$G$2:G1756, Quotations!$H$2:H1756, "")} -> 119.09 | F69: {=XLOOKUP($A69, Quotations!$I$2:I1756, Quotations!$J$2:J1756, "")} -> 125.14 | G69: {=XLOOKUP($A69, Quotations!$K$2:K1756, Quotations!$L$2:L1756, "")} -> 1362.6572
A70: 41736 | B70: {=XLOOKUP($A70, Quotations!$A$2:A1756, Quotations!$B$2:B1756, "")} -> 124.45 | C70: {=XLOOKUP($A70, Quotations!$C$2:C1756, Quotations!$D$2:D1756, "")} -> 24.16 | D70: {=XLOOKUP($A70, Quotations!$E$2:E1756, Quotations!$F$2:F1756, "")} -> 112.65 | E70: {=XLOOKUP($A70, Quotations!$G$2:G1756, Quotations!$H$2:H1756, "")} -> 119.78 | F70: {=XLOOKUP($A70, Quotations!$I$2:I1756, Quotations!$J$2:J1756, "")} -> 125.21 | G70: {=XLOOKUP($A70, Quotations!$K$2:K1756, Quotations!$L$2:L1756, "")} -> 1358.4637
A71: 41737 | B71: {=XLOOKUP($A71, Quotations!$A$2:A1756, Quotations!$B$2:B1756, "")} -> 124.13 | C71: {=XLOOKUP($A71, Quotations!$C$2:C1756, Quotations!$D$2:D1756, "")} -> 24.15 | D71: {=XLOOKUP($A71, Quotations!$E$2:E1756, Quotations!$F$2:F1756, "")} -> 112.64 | E71: {=XLOOKUP($A71, Quotations!$G$2:G1756, Quotations!$H$2:H1756, "")} -> 119.11 | F71: {=XLOOKUP($A71, Quotations!$I$2:I1756, Quotations!$J$2:J1756, "")} -> 124.9 | G71: {=XLOOKUP($A71, Quotations!$K$2:K1756, Quotations!$L$2:L1756, "")} -> 1349.2852
A72: 41738 | B72: {=XLOOKUP($A72, Quotations!$A$2:A1756, Quotations!$B$2:B1756, "")} -> 124.32 | C72: {=XLOOKUP($A72, Quotations!$C$2:C1756, Quotations!$D$2:D1756, "")} -> 24.15 | D72: {=XLOOKUP($A72, Quotations!$E$2:E1756, Quotations!$F$2:F1756, "")} -> 112.58 | E72: {=XLOOKUP($A72, Quotations!$G$2:G1756, Quotations!$H$2:H1756, "")} -> 118.8 | F72: {=XLOOKUP($A72, Quotations!$I$2:I1756, Quotations!$J$2:J1756, "")} -> 124.93 | G72: {=XLOOKUP($A72, Quotations!$K$2:K1756, Quotations!$L$2:L1756, "")} -> 1350.5424
A73: 41739 | B73: {=XLOOKUP($A73, Quotations!$A$2:A1756, Quotations!$B$2:B1756, "")} -> 124.19 | C73: {=XLOOKUP($A73, Quotations!$C$2:C1756, Quotations!$D$2:D1756, "")} -> 24.14 | D73: {=XLOOKUP($A73, Quotations!$E$2:E1756, Quotations!$F$2:F1756, "")} -> 112.56 | E73: {=XLOOKUP($A73, Quotations!$G$2:G1756, Quotations!$H$2:H1756, "")} -> 118.73 | F73: {=XLOOKUP($A73, Quotations!$I$2:I1756, Quotations!$J$2:J1756, "")} -> 125.06 | G73: {=XLOOKUP($A73, Quotations!$K$2:K1756, Quotations!$L$2:L1756, "")} -> 1354.7371
A74: 41740 | B74: {=XLOOKUP($A74, Quotations!$A$2:A1756, Quotations!$B$2:B1756, "")} -> 123.78 | C74: {=XLOOKUP($A74, Quotations!$C$2:C1756, Quotations!$D$2:D1756, "")} -> 24.14 | D74: {=XLOOKUP($A74, Quotations!$E$2:E1756, Quotations!$F$2:F1756, "")} -> 112.55 | E74: {=XLOOKUP($A74, Quotations!$G$2:G1756, Quotations!$H$2:H1756, "")} -> 119.01 | F74: {=XLOOKUP($A74, Quotations!$I$2:I1756, Quotations!$J$2:J1756, "")} -> 124.89 | G74: {=XLOOKUP($A74, Quotations!$K$2:K1756, Quotations!$L$2:L1756, "")} -> 1346.1964
A75: 41743 | B75: {=XLOOKUP($A75, Quotations!$A$2:A1756, Quotations!$B$2:B1756, "")} -> 123.62 | C75: {=XLOOKUP($A75, Quotations!$C$2:C1756, Quotations!$D$2:D1756, "")} -> 24.16 | D75: {=XLOOKUP($A75, Quotations!$E$2:E1756, Quotations!$F$2:F1756, "")} -> 112.56 | E75: {=XLOOKUP($A75, Quotations!$G$2:G1756, Quotations!$H$2:H1756, "")} -> 118.44 | F75: {=XLOOKUP($A75, Quotations!$I$2:I1756, Quotations!$J$2:J1756, "")} -> 124.51 | G75: {=XLOOKUP($A75, Quotations!$K$2:K1756, Quotations!$L$2:L1756, "")} -> 1338.6179
A76: 41744 | B76: {=XLOOKUP($A76, Quotations!$A$2:A1756, Quotations!$B$2:B1756, "")} -> 123.31 | C76: {=XLOOKUP($A76, Quotations!$C$2:C1756, Quotations!$D$2:D1756, "")} -> 24.15 | D76: {=XLOOKUP($A76, Quotations!$E$2:E1756, Quotations!$F$2:F1756, "")} -> 112.52 | E76: {=XLOOKUP($A76, Quotations!$G$2:G1756, Quotations!$H$2:H1756, "")} -> 118.43 | F76: {=XLOOKUP($A76, Quotations!$I$2:I1756, Quotations!$J$2:J1756, "")} -> 124.79 | G76: {=XLOOKUP($A76, Quotations!$K$2:K1756, Quotations!$L$2:L1756, "")} -> 1338.9128
A77: 41745 | B77: {=XLOOKUP($A77, Quotations!$A$2:A1756, Quotations!$B$2:B1756, "")} -> 123.69 | C77: {=XLOOKUP($A77, Quotations!$C$2:C1756, Quotations!$D$2:D1756, "")} -> 24.16 | D77: {=XLOOKUP($A77, Quotations!$E$2:E1756, Quotations!$F$2:F1756, "")} -> 112.57 | E77: {=XLOOKUP($A77, Quotations!$G$2:G1756, Quotations!$H$2:H1756, "")} -> 118.17 | F77: {=XLOOKUP($A77, Quotations!$I$2:I1756, Quotations!$J$2:J1756, "")} -> 124.75 | G77: {=XLOOKUP($A77, Quotations!$K$2:K1756, Quotations!$L$2:L1756, "")} -> 1338.6974
A78: 41746 | B78: {=XLOOKUP($A78, Quotations!$A$2:A1756, Quotations!$B$2:B1756, "")} -> 123.9 | C78: {=XLOOKUP($A78, Quotations!$C$2:C1756, Quotations!$D$2:D1756, "")} -> 24.15 | D78: {=XLOOKUP($A78, Quotations!$E$2:E1756, Quotations!$F$2:F1756, "")} -> 112.62 | E78: {=XLOOKUP($A78, Quotations!$G$2:G1756, Quotations!$H$2:H1756, "")} -> 118.76 | F78: {=XLOOKUP($A78, Quotations!$I$2:I1756, Quotations!$J$2:J1756, "")} -> 125.07 | G78: {=XLOOKUP($A78, Quotations!$K$2:K1756, Quotations!$L$2:L1756, "")} -> 1345.9034
A79: 41751 | B79: {=XLOOKUP($A79, Quotations!$A$2:A1756, Quotations!$B$2:B1756, "")} -> 124.39 | C79: {=XLOOKUP($A79, Quotations!$C$2:C1756, Quotations!$D$2:D1756, "")} -> 24.16 | D79: {=XLOOKUP($A79, Quotations!$E$2:E1756, Quotations!$F$2:F1756, "")} -> 112.71 | E79: {=XLOOKUP($A79, Quotations!$G$2:G1756, Quotations!$H$2:H1756, "")} -> 118.98 | F79: {=XLOOKUP($A79, Quotations!$I$2:I1756, Quotations!$J$2:J1756, "")} -> 125.05 | G79: {=XLOOKUP($A79, Quotations!$K$2:K1756, Quotations!$L$2:L1756, "")} -> 1351.2213
A80: 41752 | B80: {=XLOOKUP($A80, Quotations!$A$2:A1756, Quotations!$B$2:B1756, "")} -> 124.3 | C80: {=XLOOKUP($A80, Quotations!$C$2:C1756, Quotations!$D$2:D1756, "")} -> 24.14 | D80: {=XLOOKUP($A80, Quotations!$E$2:E1756, Quotations!$F$2:F1756, "")} -> 112.68 | E80: {=XLOOKUP($A80, Quotations!$G$2:G1756, Quotations!$H$2:H1756, "")} -> 119.6 | F80: {=XLOOKUP($A80, Quotations!$I$2:I1756, Quotations!$J$2:J1756, "")} -> 125.35 | G80: {=XLOOKUP($A80, Quotations!$K$2:K1756, Quotations!$L$2:L1756, "")} -> 1357.9768
A81: 41753 | B81: {=XLOOKUP($A81, Quotations!$A$2:A1756, Quotations!$B$2:B1756, "")} -> 124.31 | C81: {=XLOOKUP($A81, Quotations!$C$2:C1756, Quotations!$D$2:D1756, "")} -> 24.15 | D81: {=XLOOKUP($A81, Quotations!$E$2:E1756, Quotations!$F$2:F1756, "")} -> 112.67 | E81: {=XLOOKUP($A81, Quotations!$G$2:G1756, Quotations!$H$2:H1756, "")} -> 119.48 | F81: {=XLOOKUP($A81, Quotations!$I$2:I1756, Quotations!$J$2:J1756, "")} -> 125.23 | G81: {=XLOOKUP($A81, Quotations!$K$2:K1756, Quotations!$L$2:L1756, "")} -> 1356.5453
A82: 41754 | B82: {=XLOOKUP($A82, Quotations!$A$2:A1756, Quotations!$B$2:B1756, "")} -> 124.03 | C82: {=XLOOKUP($A82, Quotations!$C$2:C1756, Quotations!$D$2:D1756, "")} -> 24.15 | D82: {=XLOOKUP($A82, Quotations!$E$2:E1756, Quotations!$F$2:F1756, "")} -> 112.57 | E82: {=XLOOKUP($A82, Quotations!$G$2:G1756, Quotations!$H$2:H1756, "")} -> 119.37 | F82: {=XLOOKUP($A82, Quotations!$I$2:I1756, Quotations!$J$2:J1756, "")} -> 125.36 | G82: {=XLOOKUP($A82, Quotations!$K$2:K1756, Quotations!$L$2:L1756, "")} -> 1357.1112
A83: 41757 | B83: {=XLOOKUP($A83, Quotations!$A$2:A1756, Quotations!$B$2:B1756, "")} -> 123.87 | C83: {=XLOOKUP($A83, Quotations!$C$2:C1756, Quotations!$D$2:D1756, "")} -> 24.15 | D83: {=XLOOKUP($A83, Quotations!$E$2:E1756, Quotations!$F$2:F1756, "")} -> 112.58 | E83: {=XLOOKUP($A83, Quotations!$G$2:G1756, Quotations!$H$2:H1756, "")} -> 119.2 | F83: {=XLOOKUP($A83, Quotations!$I$2:I1756, Quotations!$J$2:J1756, "")} -> 125.2 | G83: {=XLOOKUP($A83, Quotations!$K$2:K1756, Quotations!$L$2:L1756, "")} -> 1348.2083
A84: 41758 | B84: {=XLOOKUP($A84, Quotations!$A$2:A1756, Quotations!$B$2:B1756, "")} -> 124.27 | C84: {=XLOOKUP($A84, Quotations!$C$2:C1756, Quotations!$D$2:D1756, "")} -> 24.16 | D84: {=XLOOKUP($A84, Quotations!$E$2:E1756, Quotations!$F$2:F1756, "")} -> 112.64 | E84: {=XLOOKUP($A84, Quotations!$G$2:G1756, Quotations!$H$2:H1756, "")} -> 119.15 | F84: {=XLOOKUP($A84, Quotations!$I$2:I1756, Quotations!$J$2:J1756, "")} -> 125.27 | G84: {=XLOOKUP($A84, Quotations!$K$2:K1756, Quotations!$L$2:L1756, "")} -> 1344.6801
A85: 41759 | B85: {=XLOOKUP($A85, Quotations!$A$2:A1756, Quotations!$B$2:B1756, "")} -> 124.25 | C85: {=XLOOKUP($A85, Quotations!$C$2:C1756, Quotations!$D$2:D1756, "")} -> 24.15 | D85: {=XLOOKUP($A85, Quotations!$E$2:E1756, Quotations!$F$2:F1756, "")} -> 112.65 | E85: {=XLOOKUP($A85, Quotations!$G$2:G1756, Quotations!$H$2:H1756, "")} -> 119.87 | F85: {=XLOOKUP($A85, Quotations!$I$2:I1756, Quotations!$J$2:J1756, "")} -> 125.59 | G85: {=XLOOKUP($A85, Quotations!$K$2:K1756, Quotations!$L$2:L1756, "")} -> 1349.9078
A86: 41761 | B86: {=XLOOKUP($A86, Quotations!$A$2:A1756, Quotations!$B$2:B1756, "")} -> 124.25 | C86: {=XLOOKUP($A86, Quotations!$C$2:C1756, Quotations!$D$2:D1756, "")} -> 24.15 | D86: {=XLOOKUP($A86, Quotations!$E$2:E1756, Quotations!$F$2:F1756, "")} -> 112.66 | E86: {=XLOOKUP($A86, Quotations!$G$2:G1756, Quotations!$H$2:H1756, "")} -> 120.23 | F86: {=XLOOKUP($A86, Quotations!$I$2:I1756, Quotations!$J$2:J1756, "")} -> 125.59 | G86: {=XLOOKUP($A86, Quotations!$K$2:K1756, Quotations!$L$2:L1756, "")} -> 1353.2495
A87: 41764 | B87: {=XLOOKUP($A87, Quotations!$A$2:A1756, Quotations!$B$2:B1756, "")} -> 124.26 | C87: {=XLOOKUP($A87, Quotations!$C$2:C1756, Quotations!$D$2:D1756, "")} -> 24.15 | D87: {=XLOOKUP($A87, Quotations!$E$2:E1756, Quotations!$F$2:F1756, "")} -> 112.67 | E87: {=XLOOKUP($A87, Quotations!$G$2:G1756, Quotations!$H$2:H1756, "")} -> 120.14 | F87: {=XLOOKUP($A87, Quotations!$I$2:I1756, Quotations!$J$2:J1756, "")} -> 125.74 | G87: {=XLOOKUP($A87, Quotations!$K$2:K1756, Quotations!$L$2:L1756, "")} -> 1354.604
A88: 41765 | B88: {=XLOOKUP($A88, Quotations!$A$2:A1756, Quotations!$B$2:B1756, "")} -> 124.18 | C88: {=XLOOKUP($A88, Quotations!$C$2:C1756, Quotations!$D$2:D1756, "")} -> 24.16 | D88: {=XLOOKUP($A88, Quotations!$E$2:E1756, Quotations!$F$2:F1756, "")} -> 112.68 | E88: {=XLOOKUP($A88, Quotations!$G$2:G1756, Quotations!$H$2:H1756, "")} -> 119.99 | F88: {=XLOOKUP($A88, Quotations!$I$2:I1756, Quotations!$J$2:J1756, "")} -> 125.66 | G88: {=XLOOKUP($A88, Quotations!$K$2:K1756, Quotations!$L$2:L1756, "")} -> 1354.6078
A89: 41766 | B89: {=XLOOKUP($A89, Quotations!$A$2:A1756, Quotations!$B$2:B1756, "")} -> 124.27 | C89: {=XLOOKUP($A89, Quotations!$C$2:C1756, Quotations!$D$2:D1756, "")} -> 24.16 | D89: {=XLOOKUP($A89, Quotations!$E$2:E1756, Quotations!$F$2:F1756, "")} -> 112.67 | E89: {=XLOOKUP($A89, Quotations!$G$2:G1756, Quotations!$H$2:H1756, "")} -> 119.66 | F89: {=XLOOKUP($A89, Quotations!$I$2:I1756, Quotations!$J$2:J1756, "")} -> 125.45 | G89: {=XLOOKUP($A89, Quotations!$K$2:K1756, Quotations!$L$2:L1756, "")} -> 1350.6503
A90: 41767 | B90: {=XLOOKUP($A90, Quotations!$A$2:A1756, Quotations!$B$2:B1756, "")} | C90: {=XLOOKUP($A90, Quotations!$C$2:C1756, Quotations!$D$2:D1756, "")} -> 24.19 | D90: {=XLOOKUP($A90, Quotations!$E$2:E1756, Quotations!$F$2:F1756, "")} -> 112.73 | E90: {=XLOOKUP($A90, Quotations!$G$2:G1756, Quotations!$H$2:H1756, "")} -> 119.74 | F90: {=XLOOKUP($A90, Quotations!$I$2:I1756, Quotations!$J$2:J1756, "")} -> 125.63 | G90: {=XLOOKUP($A90, Quotations!$K$2:K1756, Quotations!$L$2:L1756, "")} -> 1351.6692
A91: 41768 | B91: {=XLOOKUP($A91, Quotations!$A$2:A1756, Quotations!$B$2:B1756, "")} -> 124.53 | C91: {=XLOOKUP($A91, Quotations!$C$2:C1756, Quotations!$D$2:D1756, "")} -> 24.21 | D91: {=XLOOKUP($A91, Quotations!$E$2:E1756, Quotations!$F$2:F1756, "")} -> 112.79 | E91: {=XLOOKUP($A91, Quotations!$G$2:G1756, Quotations!$H$2:H1756, "")} -> 120.54 | F91: {=XLOOKUP($A91, Quotations!$I$2:I1756, Quotations!$J$2:J1756, "")} -> 126.02 | G91: {=XLOOKUP($A91, Quotations!$K$2:K1756, Quotations!$L$2:L1756, "")} -> 1353.9108
A92: 41771 | B92: {=XLOOKUP($A92, Quotations!$A$2:A1756, Quotations!$B$2:B1756, "")} -> 124.83 | C92: {=XLOOKUP($A92, Quotations!$C$2:C1756, Quotations!$D$2:D1756, "")} -> 24.21 | D92: {=XLOOKUP($A92, Quotations!$E$2:E1756, Quotations!$F$2:F1756, "")} -> 112.84 | E92: {=XLOOKUP($A92, Quotations!$G$2:G1756, Quotations!$H$2:H1756, "")} -> 120.41 | F92: {=XLOOKUP($A92, Quotations!$I$2:I1756, Quotations!$J$2:J1756, "")} -> 126.13 | G92: {=XLOOKUP($A92, Quotations!$K$2:K1756, Quotations!$L$2:L1756, "")} -> 1352.7116
A93: 41772 | B93: {=XLOOKUP($A93, Quotations!$A$2:A1756, Quotations!$B$2:B1756, "")} -> 124.96 | C93: {=XLOOKUP($A93, Quotations!$C$2:C1756, Quotations!$D$2:D1756, "")} -> 24.23 | D93: {=XLOOKUP($A93, Quotations!$E$2:E1756, Quotations!$F$2:F1756, "")} -> 112.91 | E93: {=XLOOKUP($A93, Quotations!$G$2:G1756, Quotations!$H$2:H1756, "")} -> 120.86 | F93: {=XLOOKUP($A93, Quotations!$I$2:I1756, Quotations!$J$2:J1756, "")} -> 126.39 | G93: {=XLOOKUP($A93, Quotations!$K$2:K1756, Quotations!$L$2:L1756, "")} -> 1360.2299
A94: 41773 | B94: {=XLOOKUP($A94, Quotations!$A$2:A1756, Quotations!$B$2:B1756, "")} -> 125.06 | C94: {=XLOOKUP($A94, Quotations!$C$2:C1756, Quotations!$D$2:D1756, "")} -> 24.24 | D94: {=XLOOKUP($A94, Quotations!$E$2:E1756, Quotations!$F$2:F1756, "")} -> 112.92 | E94: {=XLOOKUP($A94, Quotations!$G$2:G1756, Quotations!$H$2:H1756, "")} -> 121.65 | F94: {=XLOOKUP($A94, Quotations!$I$2:I1756, Quotations!$J$2:J1756, "")} -> 126.56 | G94: {=XLOOKUP($A94, Quotations!$K$2:K1756, Quotations!$L$2:L1756, "")} -> 1360.9043
A95: 41774 | B95: {=XLOOKUP($A95, Quotations!$A$2:A1756, Quotations!$B$2:B1756, "")} -> 124.42 | C95: {=XLOOKUP($A95, Quotations!$C$2:C1756, Quotations!$D$2:D1756, "")} -> 24.23 | D95: {=XLOOKUP($A95, Quotations!$E$2:E1756, Quotations!$F$2:F1756, "")} -> 112.87 | E95: {=XLOOKUP($A95, Quotations!$G$2:G1756, Quotations!$H$2:H1756, "")} -> 122.14 | F95: {=XLOOKUP($A95, Quotations!$I$2:I1756, Quotations!$J$2:J1756, "")} -> 126.79 | G95: {=XLOOKUP($A95, Quotations!$K$2:K1756, Quotations!$L$2:L1756, "")} -> 1358.2247
A96: 41775 | B96: {=XLOOKUP($A96, Quotations!$A$2:A1756, Quotations!$B$2:B1756, "")} -> 124.2 | C96: {=XLOOKUP($A96, Quotations!$C$2:C1756, Quotations!$D$2:D1756, "")} -> 24.23 | D96: {=XLOOKUP($A96, Quotations!$E$2:E1756, Quotations!$F$2:F1756, "")} -> 112.87 | E96: {=XLOOKUP($A96, Quotations!$G$2:G1756, Quotations!$H$2:H1756, "")} -> 122.29 | F96: {=XLOOKUP($A96, Quotations!$I$2:I1756, Quotations!$J$2:J1756, "")} -> 126.44 | G96: {=XLOOKUP($A96, Quotations!$K$2:K1756, Quotations!$L$2:L1756, "")} -> 1351.2753
A97: 41778 | B97: {=XLOOKUP($A97, Quotations!$A$2:A1756, Quotations!$B$2:B1756, "")} -> 124.32 | C97: {=XLOOKUP($A97, Quotations!$C$2:C1756, Quotations!$D$2:D1756, "")} -> 24.23 | D97: {=XLOOKUP($A97, Quotations!$E$2:E1756, Quotations!$F$2:F1756, "")} -> 112.92 | E97: {=XLOOKUP($A97, Quotations!$G$2:G1756, Quotations!$H$2:H1756, "")} -> 121.83 | F97: {=XLOOKUP($A97, Quotations!$I$2:I1756, Quotations!$J$2:J1756, "")} -> 126.64 | G97: {=XLOOKUP($A97, Quotations!$K$2:K1756, Quotations!$L$2:L1756, "")} -> 1349.7965
A98: 41779 | B98: {=XLOOKUP($A98, Quotations!$A$2:A1756, Quotations!$B$2:B1756, "")} -> 124.3 | C98: {=XLOOKUP($A98, Quotations!$C$2:C1756, Quotations!$D$2:D1756, "")} -> 24.23 | D98: {=XLOOKUP($A98, Quotations!$E$2:E1756, Quotations!$F$2:F1756, "")} -> 112.91 | E98: {=XLOOKUP($A98, Quotations!$G$2:G1756, Quotations!$H$2:H1756, "")} -> 121.98 | F98: {=XLOOKUP($A98, Quotations!$I$2:I1756, Quotations!$J$2:J1756, "")} -> 126.69 | G98: {=XLOOKUP($A98, Quotations!$K$2:K1756, Quotations!$L$2:L1756, "")} -> 1353.4537
A99: 41780 | B99: {=XLOOKUP($A99, Quotations!$A$2:A1756, Quotations!$B$2:B1756, "")} -> 124.37 | C99: {=XLOOKUP($A99, Quotations!$C$2:C1756, Quotations!$D$2:D1756, "")} -> 24.23 | D99: {=XLOOKUP($A99, Quotations!$E$2:E1756, Quotations!$F$2:F1756, "")} -> 112.9 | E99: {=XLOOKUP($A99, Quotations!$G$2:G1756, Quotations!$H$2:H1756, "")} -> 121.7 | F99: {=XLOOKUP($A99, Quotations!$I$2:I1756, Quotations!$J$2:J1756, "")} -> 126.55 | G99: {=XLOOKUP($A99, Quotations!$K$2:K1756, Quotations!$L$2:L1756, "")} -> 1351.072
A100: 41781 | B100: {=XLOOKUP($A100, Quotations!$A$2:A1756, Quotations!$B$2:B1756, "")} -> 124.51 | C100: {=XLOOKUP($A100, Quotations!$C$2:C1756, Quotations!$D$2:D1756, "")} -> 24.23 | D100: {=XLOOKUP($A100, Quotations!$E$2:E1756, Quotations!$F$2:F1756, "")} -> 112.97 | E100: {=XLOOKUP($A100, Quotations!$G$2:G1756, Quotations!$H$2:H1756, "")} -> 121.72 | F100: {=XLOOKUP($A100, Quotations!$I$2:I1756, Quotations!$J$2:J1756, "")} -> 126.81 | G100: {=XLOOKUP($A100, Quotations!$K$2:K1756, Quotations!$L$2:L1756, "")} -> 1353.8273
...

Sheet IR
A1: Date | B1: Eur_1M | C1: Eur_3M | D1: Eur_6M | E1: Eur_12M
A2: 43215 | B2: -0.00371 | C2: -0.00328 | D2: -0.0027 | E2: -0.00189
A3: 43214 | B3: -0.00372 | C3: -0.00328 | D3: -0.0027 | E3: -0.00189
A4: 43213 | B4: -0.00372 | C4: -0.00328 | D4: -0.0027 | E4: -0.00189
A5: 43210 | B5: -0.00372 | C5: -0.00328 | D5: -0.00271 | E5: -0.00189
A6: 43209 | B6: -0.00372 | C6: -0.00328 | D6: -0.0027 | E6: -0.00189
A7: 43208 | B7: -0.00371 | C7: -0.00328 | D7: -0.00271 | E7: -0.00189
A8: 43207 | B8: -0.00371 | C8: -0.00328 | D8: -0.0027 | E8: -0.00189
A9: 43206 | B9: -0.00371 | C9: -0.00329 | D9: -0.0027 | E9: -0.00189
A10: 43203 | B10: -0.00371 | C10: -0.00329 | D10: -0.00271 | E10: -0.0019
A11: 43202 | B11: -0.00371 | C11: -0.00329 | D11: -0.00271 | E11: -0.00191
A12: 43201 | B12: -0.00372 | C12: -0.00329 | D12: -0.0027 | E12: -0.0019
A13: 43200 | B13: -0.00372 | C13: -0.00329 | D13: -0.00271 | E13: -0.00191
... A1041: 41730 | B1041: 0.00235 | C1041: 0.00313 | D1041: 0.00418 | E1041: 0.00591

Sheet SR
A1: Date | B1: Swap(vs6M)_2Y | C1: Swap(vs6M)_3Y | D1: Swap(vs6M)_5Y
A2: 41730 | B2: 0.004925 | C2: 0.006282 | D2: 0.009895
A3: 41731 | B3: 0.00497 | C3: 0.00642 | D3: 0.01012
A4: 41732 | B4: 0.00489 | C4: 0.006245 | D4: 0.009961
A5: 41733 | B5: 0.00466 | C5: 0.00587 | D5: 0.009361
A6: 41736 | B6: 0.00474 | C6: 0.005893 | D6: 0.009365
A7: 41737 | B7: 0.00475 | C7: 0.005998 | D7: 0.00952
A8: 41738 | B8: 0.0048 | C8: 0.005975 | D8: 0.00982
A9: 41739 | B9: 0.0046 | C9: 0.005878 | D9: 0.009429
A10: 41740 | B10: 0.004675 | C10: 0.005868 | D10: 0.009248
A11: 41743 | B11: 0.00458 | C11: 0.005798 | D11: 0.00933
A12: 41744 | B12: 0.0044 | C12: 0.005548 | D12: 0.008945
A13: 41745 | B13: 0.004473 | C13: 0.005592 | D13: 0.00902
... A1062: 43215 | B1062: -0.001288 | C1062: 0.00063 | D1062: 0.004365

Sheet Index
A1: Date | C1: Eur_1M | D1: Eur_3M | E1: Eur_6M | F1: Eur_12M | H1: Swap(vs6M)_2Y | I1: Swap(vs6M)_3Y | J1: Swap(vs6M)_5Y | L1: UBEUECR | M1: CSLOGBB | N1: CBSWBOB | O1: BNOPLPT | P1: ETHAKTE | Q1: MPCGLCA | S1: Basket Daily Returns | T1: BV Growth Factor | U1: Basket Value | W1: Realised Volatility | X1: Weighting | Z1: DI Growth Factor | AA1: Daily Index | AC1: Settlement Amount
A2: 41723 | C2: {=IFERROR( INDEX( IR!$B$2:$E2026, MATCH($A2, IR!$A$2:$A2026, 0), MATCH(C$1, IR!$B$1:$E$1, 0) ), "")} | D2: {=IFERROR( INDEX( IR!$B$2:$E2026, MATCH($A2, IR!$A$2:$A2026, 0), MATCH(D$1, IR!$B$1:$E$1, 0) ), "")} | E2: {=IFERROR( INDEX( IR!$B$2:$E2026, MATCH($A2, IR!$A$2:$A2026, 0), MATCH(E$1, IR!$B$1:$E$1, 0) ), "")} | F2: {=IFERROR( INDEX( IR!$B$2:$E2026, MATCH($A2, IR!$A$2:$A2026, 0), MATCH(F$1, IR!$B$1:$E$1, 0) ), "")} | H2: {=IFERROR( INDEX( SR!$B$2:$D2026, MATCH($A2, SR!$A$2:$A2026, 0), MATCH(H$1, SR!$B$1:$D$1, 0) ), "")} | I2: {=IFERROR( INDEX( SR!$B$2:$D2026, MATCH($A2, SR!$A$2:$A2026, 0), MATCH(I$1, SR!$B$1:$D$1, 0) ), "")} | J2: {=IFERROR( INDEX( SR!$B$2:$D2026, MATCH($A2, SR!$A$2:$A2026, 0), MATCH(J$1, SR!$B$1:$D$1, 0) ), "")} | L2: 122.35 | M2: 24.1 | N2: 112.25 | O2: 118.28 | P2: 124.74 | Q2: 1344.8619 | U2: =U3/T3 -> 99.250017
A3: 41724 | C3: {=IFERROR( INDEX( IR!$B$2:$E2026, MATCH($A3, IR!$A$2:$A2026, 0), MATCH(C$1, IR!$B$1:$E$1, 0) ), "")} | D3: {=IFERROR( INDEX( IR!$B$2:$E2026, MATCH($A3, IR!$A$2:$A2026, 0), MATCH(D$1, IR!$B$1:$E$1, 0) ), "")} | E3: {=IFERROR( INDEX( IR!$B$2:$E2026, MATCH($A3, IR!$A$2:$A2026, 0), MATCH(E$1, IR!$B$1:$E$1, 0) ), "")} | F3: {=IFERROR( INDEX( IR!$B$2:$E2026, MATCH($A3, IR!$A$2:$A2026, 0), MATCH(F$1, IR!$B$1:$E$1, 0) ), "")} | H3: {=IFERROR( INDEX( SR!$B$2:$D2026, MATCH($A3, SR!$A$2:$A2026, 0), MATCH(H$1, SR!$B$1:$D$1, 0) ), "")} | I3: {=IFERROR( INDEX( SR!$B$2:$D2026, MATCH($A3, SR!$A$2:$A2026, 0), MATCH(I$1, SR!$B$1:$D$1, 0) ), "")} | J3: {=IFERROR( INDEX( SR!$B$2:$D2026, MATCH($A3, SR!$A$2:$A2026, 0), MATCH(J$1, SR!$B$1:$D$1, 0) ), "")} | L3: 122.84 | M3: 24.11 | N3: 112.32 | O3: 118.72 | P3: 124.85 | Q3: 1348.3263 | S3: =((L3-L2)/L2)*0.1666+((M3-M2)/M2)*0.1666+((N3-N2)/N2)*0.1666+((O3-O2)/O2)*0.1666+((P3-P2)/P2)*0.1666+((Q3-Q2)/Q2)*0.1667 -> 0.0020363257 | T3: =1+S3 -> 1.0020363 | U3: =U4/T4 -> 99.452123
A4: 41725 | C4: {=IFERROR( INDEX( IR!$B$2:$E2026, MATCH($A4, IR!$A$2:$A2026, 0), MATCH(C$1, IR!$B$1:$E$1, 0) ), "")} | D4: {=IFERROR( INDEX( IR!$B$2:$E2026, MATCH($A4, IR!$A$2:$A2026, 0), MATCH(D$1, IR!$B$1:$E$1, 0) ), "")} | E4: {=IFERROR( INDEX( IR!$B$2:$E2026, MATCH($A4, IR!$A$2:$A2026, 0), MATCH(E$1, IR!$B$1:$E$1, 0) ), "")} | F4: {=IFERROR( INDEX( IR!$B$2:$E2026, MATCH($A4, IR!$A$2:$A2026, 0), MATCH(F$1, IR!$B$1:$E$1, 0) ), "")} | H4: {=IFERROR( INDEX( SR!$B$2:$D2026, MATCH($A4, SR!$A$2:$A2026, 0), MATCH(H$1, SR!$B$1:$D$1, 0) ), "")} | I4: {=IFERROR( INDEX( SR!$B$2:$D2026, MATCH($A4, SR!$A$2:$A2026, 0), MATCH(I$1, SR!$B$1:$D$1, 0) ), "")} | J4: {=IFERROR( INDEX( SR!$B$2:$D2026, MATCH($A4, SR!$A$2:$A2026, 0), MATCH(J$1, SR!$B$1:$D$1, 0) ), "")} | L4: 122.98 | M4: 24.14 | N4: 112.34 | O4: 119.09 | P4: 124.82 | Q4: 1346.6311 | S4: =((L4-L3)/L3)*0.1666+((M4-M3)/M3)*0.1666+((N4-N3)/N3)*0.1666+((O4-O3)/O3)*0.1666+((P4-P3)/P3)*0.1666+((Q4-Q3)/Q3)*0.1667 -> 0.00069644214 | T4: =1+S4 -> 1.0006964 | U4: =U5/T5 -> 99.521385
A5: 41726 | C5: {=IFERROR( INDEX( IR!$B$2:$E2026, MATCH($A5, IR!$A$2:$A2026, 0), MATCH(C$1, IR!$B$1:$E$1, 0) ), "")} | D5: {=IFERROR( INDEX( IR!$B$2:$E2026, MATCH($A5, IR!$A$2:$A2026, 0), MATCH(D$1, IR!$B$1:$E$1, 0) ), "")} | E5: {=IFERROR( INDEX( IR!$B$2:$E2026, MATCH($A5, IR!$A$2:$A2026, 0), MATCH(E$1, IR!$B$1:$E$1, 0) ), "")} | F5: {=IFERROR( INDEX( IR!$B$2:$E2026, MATCH($A5, IR!$A$2:$A2026, 0), MATCH(F$1, IR!$B$1:$E$1, 0) ), "")} | H5: {=IFERROR( INDEX( SR!$B$2:$D2026, MATCH($A5, SR!$A$2:$A2026, 0), MATCH(H$1, SR!$B$1:$D$1, 0) ), "")} | I5: {=IFERROR( INDEX( SR!$B$2:$D2026, MATCH($A5, SR!$A$2:$A2026, 0), MATCH(I$1, SR!$B$1:$D$1, 0) ), "")} | J5: {=IFERROR( INDEX( SR!$B$2:$D2026, MATCH($A5, SR!$A$2:$A2026, 0), MATCH(J$1, SR!$B$1:$D$1, 0) ), "")} | L5: 123.54 | M5: 24.13 | N5: 112.39 | O5: 119.25 | P5: 124.95 | Q5: 1345.476 | S5: =((L5-L4)/L4)*0.1666+((M5-M4)/M4)*0.1666+((N5-N4)/N4)*0.1666+((O5-O4)/O4)*0.1666+((P5-P4)/P4)*0.1666+((Q5-Q4)/Q4)*0.1667 -> 0.0010181175 | T5: =1+S5 -> 1.0010181 | U5: =U6/T6 -> 99.62271
A6: 41729 | C6: {=IFERROR( INDEX( IR!$B$2:$E2026, MATCH($A6, IR!$A$2:$A2026, 0), MATCH(C$1, IR!$B$1:$E$1, 0) ), "")} | D6: {=IFERROR( INDEX( IR!$B$2:$E2026, MATCH($A6, IR!$A$2:$A2026, 0), MATCH(D$1, IR!$B$1:$E$1, 0) ), "")} | E6: {=IFERROR( INDEX( IR!$B$2:$E2026, MATCH($A6, IR!$A$2:$A2026, 0), MATCH(E$1, IR!$B$1:$E$1, 0) ), "")} | F6: {=IFERROR( INDEX( IR!$B$2:$E2026, MATCH($A6, IR!$A$2:$A2026, 0), MATCH(F$1, IR!$B$1:$E$1, 0) ), "")} | H6: {=IFERROR( INDEX( SR!$B$2:$D2026, MATCH($A6, SR!$A$2:$A2026, 0), MATCH(H$1, SR!$B$1:$D$1, 0) ), "")} | I6: {=IFERROR( INDEX( SR!$B$2:$D2026, MATCH($A6, SR!$A$2:$A2026, 0), MATCH(I$1, SR!$B$1:$D$1, 0) ), "")} | J6: {=IFERROR( INDEX( SR!$B$2:$D2026, MATCH($A6, SR!$A$2:$A2026, 0), MATCH(J$1, SR!$B$1:$D$1, 0) ), "")} | L6: 123.6 | M6: 24.13 | N6: 112.44 | O6: 119.32 | P6: 125.07 | Q6: 1350.203 | S6: =((L6-L5)/L5)*0.1666+((M6-M5)/M5)*0.1666+((N6-N5)/N5)*0.1666+((O6-O5)/O5)*0.1666+((P6-P5)/P5)*0.1666+((Q6-Q5)/Q5)*0.1667 -> 0.0009984841 | T6: =1+S6 -> 1.0009985 | U6: =U7/T7 -> 99.722181
A7: 41730 | C7: {=IFERROR( INDEX( IR!$B$2:$E2026, MATCH($A7, IR!$A$2:$A2026, 0), MATCH(C$1, IR!$B$1:$E$1, 0) ), "")} -> 0.00235 | D7: {=IFERROR( INDEX( IR!$B$2:$E2026, MATCH($A7, IR!$A$2:$A2026, 0), MATCH(D$1, IR!$B$1:$E$1, 0) ), "")} -> 0.00313 | E7: {=IFERROR( INDEX( IR!$B$2:$E2026, MATCH($A7, IR!$A$2:$A2026, 0), MATCH(E$1, IR!$B$1:$E$1, 0) ), "")} -> 0.00418 | F7: {=IFERROR( INDEX( IR!$B$2:$E2026, MATCH($A7, IR!$A$2:$A2026, 0), MATCH(F$1, IR!$B$1:$E$1, 0) ), "")} -> 0.00591 | H7: {=IFERROR( INDEX( SR!$B$2:$D2026, MATCH($A7, SR!$A$2:$A2026, 0), MATCH(H$1, SR!$B$1:$D$1, 0) ), "")} -> 0.004925 | I7: {=IFERROR( INDEX( SR!$B$2:$D2026, MATCH($A7, SR!$A$2:$A2026, 0), MATCH(I$1, SR!$B$1:$D$1, 0) ), "")} -> 0.006282 | J7: {=IFERROR( INDEX( SR!$B$2:$D2026, MATCH($A7, SR!$A$2:$A2026, 0), MATCH(J$1, SR!$B$1:$D$1, 0) ), "")} -> 0.009895 | L7: 123.97 | M7: 24.13 | N7: 112.5 | O7: 119.16 | P7: 125.17 | Q7: 1355.4878 | S7: =((L7-L6)/L6)*0.1666+((M7-M6)/M6)*0.1666+((N7-N6)/N6)*0.1666+((O7-O6)/O6)*0.1666+((P7-P6)/P6)*0.1666+((Q7-Q6)/Q6)*0.1667 -> 0.0011499054 | T7: =1+S7 -> 1.0011499 | U7: =U8/T8 -> 99.836853
A8: 41731 | C8: {=IFERROR( INDEX( IR!$B$2:$E2026, MATCH($A8, IR!$A$2:$A2026, 0), MATCH(C$1, IR!$B$1:$E$1, 0) ), "")} -> 0.00242 | D8: {=IFERROR( INDEX( IR!$B$2:$E2026, MATCH($A8, IR!$A$2:$A2026, 0), MATCH(D$1, IR!$B$1:$E$1, 0) ), "")} -> 0.00319 | E8: {=IFERROR( INDEX( IR!$B$2:$E2026, MATCH($A8, IR!$A$2:$A2026, 0), MATCH(E$1, IR!$B$1:$E$1, 0) ), "")} -> 0.00423 | F8: {=IFERROR( INDEX( IR!$B$2:$E2026, MATCH($A8, IR!$A$2:$A2026, 0), MATCH(F$1, IR!$B$1:$E$1, 0) ), "")} -> 0.00599 | H8: {=IFERROR( INDEX( SR!$B$2:$D2026, MATCH($A8, SR!$A$2:$A2026, 0), MATCH(H$1, SR!$B$1:$D$1, 0) ), "")} -> 0.00497 | I8: {=IFERROR( INDEX( SR!$B$2:$D2026, MATCH($A8, SR!$A$2:$A2026, 0), MATCH(I$1, SR!$B$1:$D$1, 0) ), "")} -> 0.00642 | J8: {=IFERROR( INDEX( SR!$B$2:$D2026, MATCH($A8, SR!$A$2:$A2026, 0), MATCH(J$1, SR!$B$1:$D$1, 0) ), "")} -> 0.01012 | L8: 124.29 | M8: 24.13 | N8: 112.57 | O8: 119.13 | P8: 125.04 | Q8: 1363.3962 | S8: =((L8-L7)/L7)*0.1666+((M8-M7)/M7)*0.1666+((N8-N7)/N7)*0.1666+((O8-O7)/O7)*0.1666+((P8-P7)/P7)*0.1666+((Q8-Q7)/Q7)*0.1667 -> 0.0012913168 | T8: =1+S8 -> 1.0012913 | U8: =U9/T9 -> 99.965774
A9: 41732 | C9: {=IFERROR( INDEX( IR!$B$2:$E2026, MATCH($A9, IR!$A$2:$A2026, 0), MATCH(C$1, IR!$B$1:$E$1, 0) ), "")} -> 0.0024 | D9: {=IFERROR( INDEX( IR!$B$2:$E2026, MATCH($A9, IR!$A$2:$A2026, 0), MATCH(D$1, IR!$B$1:$E$1, 0) ), "")} -> 0.00319 | E9: {=IFERROR( INDEX( IR!$B$2:$E2026, MATCH($A9, IR!$A$2:$A2026, 0), MATCH(E$1, IR!$B$1:$E$1, 0) ), "")} -> 0.00423 | F9: {=IFERROR( INDEX( IR!$B$2:$E2026, MATCH($A9, IR!$A$2:$A2026, 0), MATCH(F$1, IR!$B$1:$E$1, 0) ), "")} -> 0.006 | H9: {=IFERROR( INDEX( SR!$B$2:$D2026, MATCH($A9, SR!$A$2:$A2026, 0), MATCH(H$1, SR!$B$1:$D$1, 0) ), "")} -> 0.00489 | I9: {=IFERROR( INDEX( SR!$B$2:$D2026, MATCH($A9, SR!$A$2:$A2026, 0), MATCH(I$1, SR!$B$1:$D$1, 0) ), "")} -> 0.006245 | J9: {=IFERROR( INDEX( SR!$B$2:$D2026, MATCH($A9, SR!$A$2:$A2026, 0), MATCH(J$1, SR!$B$1:$D$1, 0) ), "")} -> 0.009961 | L9: 124.57 | M9: 24.14 | N9: 112.62 | O9: 118.98 | P9: 125.15 | Q9: 1365.8854 | S9: =((L9-L8)/L8)*0.1666+((M9-M8)/M8)*0.1666+((N9-N8)/N8)*0.1666+((O9-O8)/O8)*0.1666+((P9-P8)/P8)*0.1666+((Q9-Q8)/Q8)*0.1667 -> 0.00075949715 | T9: =1+S9 -> 1.0007595 | U9: =U10/T10 -> 100.0417
A10: 41733 | C10: {=IFERROR( INDEX( IR!$B$2:$E2026, MATCH($A10, IR!$A$2:$A2026, 0), MATCH(C$1, IR!$B$1:$E$1, 0) ), "")} | D10: {=IFERROR( INDEX( IR!$B$2:$E2026, MATCH($A10, IR!$A$2:$A2026, 0), MATCH(D$1, IR!$B$1:$E$1, 0) ), "")} -> 0.00325 | E10: {=IFERROR( INDEX( IR!$B$2:$E2026, MATCH($A10, IR!$A$2:$A2026, 0), MATCH(E$1, IR!$B$1:$E$1, 0) ), "")} -> 0.00427 | F10: {=IFERROR( INDEX( IR!$B$2:$E2026, MATCH($A10, IR!$A$2:$A2026, 0), MATCH(F$1, IR!$B$1:$E$1, 0) ), "")} -> 0.00603 | H10: {=IFERROR( INDEX( SR!$B$2:$D2026, MATCH($A10, SR!$A$2:$A2026, 0), MATCH(H$1, SR!$B$1:$D$1, 0) ), "")} -> 0.00466 | I10: {=IFERROR( INDEX( SR!$B$2:$D2026, MATCH($A10, SR!$A$2:$A2026, 0), MATCH(I$1, SR!$B$1:$D$1, 0) ), "")} -> 0.00587 | J10: {=IFERROR( INDEX( SR!$B$2:$D2026, MATCH($A10, SR!$A$2:$A2026, 0), MATCH(J$1, SR!$B$1:$D$1, 0) ), "")} -> 0.009361 | L10: 124.8 | M10: 24.17 | N10: 112.67 | O10: 119.09 | P10: 125.14 | Q10: 1362.6572 | S10: =((L10-L9)/L9)*0.1666+((M10-M9)/M9)*0.1666+((N10-N9)/N9)*0.1666+((O10-O9)/O9)*0.1666+((P10-P9)/P9)*0.1666+((Q10-Q9)/Q9)*0.1667 -> 0.00033533692 | T10: =1+S10 -> 1.0003353 | U10: =U11/T11 -> 100.07524
A11: 41736 | C11: {=IFERROR( INDEX( IR!$B$2:$E2026, MATCH($A11, IR!$A$2:$A2026, 0), MATCH(C$1, IR!$B$1:$E$1, 0) ), "")} -> 0.00252 | D11: {=IFERROR( INDEX( IR!$B$2:$E2026, MATCH($A11, IR!$A$2:$A2026, 0), MATCH(D$1, IR!$B$1:$E$1, 0) ), "")} -> 0.00327 | E11: {=IFERROR( INDEX( IR!$B$2:$E2026, MATCH($A11, IR!$A$2:$A2026, 0), MATCH(E$1, IR!$B$1:$E$1, 0) ), "")} -> 0.00427 | F11: {=IFERROR( INDEX( IR!$B$2:$E2026, MATCH($A11, IR!$A$2:$A2026, 0), MATCH(F$1, IR!$B$1:$E$1, 0) ), "")} -> 0.006 | H11: {=IFERROR( INDEX( SR!$B$2:$D2026, MATCH($A11, SR!$A$2:$A2026, 0), MATCH(H$1, SR!$B$1:$D$1, 0) ), "")} -> 0.00474 | I11: {=IFERROR( INDEX( SR!$B$2:$D2026, MATCH($A11, SR!$A$2:$A2026, 0), MATCH(I$1, SR!$B$1:$D$1, 0) ), "")} -> 0.005893 | J11: {=IFERROR( INDEX( SR!$B$2:$D2026, MATCH($A11, SR!$A$2:$A2026, 0), MATCH(J$1, SR!$B$1:$D$1, 0) ), "")} -> 0.009365 | L11: 124.45 | M11: 24.16 | N11: 112.65 | O11: 119.78 | P11: 125.21 | Q11: 1358.4637 | S11: =((L11-L10)/L10)*0.1666+((M11-M10)/M10)*0.1666+((N11-N10)/N10)*0.1666+((O11-O10)/O10)*0.1666+((P11-P10)/P10)*0.1666+((Q11-Q10)/Q10)*0.1667 -> -2.0277253e-05 | T11: =1+S11 -> 0.99997972 | U11: =U12/T12 -> 100.07322
A12: 41737 | C12: {=IFERROR( INDEX( IR!$B$2:$E2026, MATCH($A12, IR!$A$2:$A2026, 0), MATCH(C$1, IR!$B$1:$E$1, 0) ), "")} -> 0.00251 | D12: {=IFERROR( INDEX( IR!$B$2:$E2026, MATCH($A12, IR!$A$2:$A2026, 0), MATCH(D$1, IR!$B$1:$E$1, 0) ), "")} -> 0.00327 | E12: {=IFERROR( INDEX( IR!$B$2:$E2026, MATCH($A12, IR!$A$2:$A2026, 0), MATCH(E$1, IR!$B$1:$E$1, 0) ), "")} -> 0.00426 | F12: {=IFERROR( INDEX( IR!$B$2:$E2026, MATCH($A12, IR!$A$2:$A2026, 0), MATCH(F$1, IR!$B$1:$E$1, 0) ), "")} -> 0.00599 | H12: {=IFERROR( INDEX( SR!$B$2:$D2026, MATCH($A12, SR!$A$2:$A2026, 0), MATCH(H$1, SR!$B$1:$D$1, 0) ), "")} -> 0.00475 | I12: {=IFERROR( INDEX( SR!$B$2:$D2026, MATCH($A12, SR!$A$2:$A2026, 0), MATCH(I$1, SR!$B$1:$D$1, 0) ), "")} -> 0.005998 | J12: {=IFERROR( INDEX( SR!$B$2:$D2026, MATCH($A12, SR!$A$2:$A2026, 0), MATCH(J$1, SR!$B$1:$D$1, 0) ), "")} -> 0.00952 | L12: 124.13 | M12: 24.15 | N12: 112.64 | O12: 119.11 | P12: 124.9 | Q12: 1349.2852 | S12: =((L12-L11)/L11)*0.1666+((M12-M11)/M11)*0.1666+((N12-N11)/N11)*0.1666+((O12-O11)/O11)*0.1666+((P12-P11)/P11)*0.1666+((Q12-Q11)/Q11)*0.1667 -> -0.0029828073 | T12: =1+S12 -> 0.99701719 | U12: =U13/T13 -> 99.774717
A13: 41738 | C13: {=IFERROR( INDEX( IR!$B$2:$E2026, MATCH($A13, IR!$A$2:$A2026, 0), MATCH(C$1, IR!$B$1:$E$1, 0) ), "")} -> 0.00251 | D13: {=IFERROR( INDEX( IR!$B$2:$E2026, MATCH($A13, IR!$A$2:$A2026, 0), MATCH(D$1, IR!$B$1:$E$1, 0) ), "")} -> 0.00327 | E13: {=IFERROR( INDEX( IR!$B$2:$E2026, MATCH($A13, IR!$A$2:$A2026, 0), MATCH(E$1, IR!$B$1:$E$1, 0) ), "")} -> 0.00427 | F13: {=IFERROR( INDEX( IR!$B$2:$E2026, MATCH($A13, IR!$A$2:$A2026, 0), MATCH(F$1, IR!$B$1:$E$1, 0) ), "")} -> 0.00599 | H13: {=IFERROR( INDEX( SR!$B$2:$D2026, MATCH($A13, SR!$A$2:$A2026, 0), MATCH(H$1, SR!$B$1:$D$1, 0) ), "")} -> 0.0048 | I13: {=IFERROR( INDEX( SR!$B$2:$D2026, MATCH($A13, SR!$A$2:$A2026, 0), MATCH(I$1, SR!$B$1:$D$1, 0) ), "")} -> 0.005975 | J13: {=IFERROR( INDEX( SR!$B$2:$D2026, MATCH($A13, SR!$A$2:$A2026, 0), MATCH(J$1, SR!$B$1:$D$1, 0) ), "")} -> 0.00982 | L13: 124.32 | M13: 24.15 | N13: 112.58 | O13: 118.8 | P13: 124.93 | Q13: 1350.5424 | S13: =((L13-L12)/L12)*0.1666+((M13-M12)/M12)*0.1666+((N13-N12)/N12)*0.1666+((O13-O12)/O12)*0.1666+((P13-P12)/P12)*0.1666+((Q13-Q12)/Q12)*0.1667 -> -7.1996072e-05 | T13: =1+S13 -> 0.999928 | U13: =U14/T14 -> 99.767533
A14: 41739 | C14: {=IFERROR( INDEX( IR!$B$2:$E2026, MATCH($A14, IR!$A$2:$A2026, 0), MATCH(C$1, IR!$B$1:$E$1, 0) ), "")} -> 0.00251 | D14: {=IFERROR( INDEX( IR!$B$2:$E2026, MATCH($A14, IR!$A$2:$A2026, 0), MATCH(D$1, IR!$B$1:$E$1, 0) ), "")} -> 0.00327 | E14: {=IFERROR( INDEX( IR!$B$2:$E2026, MATCH($A14, IR!$A$2:$A2026, 0), MATCH(E$1, IR!$B$1:$E$1, 0) ), "")} -> 0.00426 | F14: {=IFERROR( INDEX( IR!$B$2:$E2026, MATCH($A14, IR!$A$2:$A2026, 0), MATCH(F$1, IR!$B$1:$E$1, 0) ), "")} -> 0.00599 | H14: {=IFERROR( INDEX( SR!$B$2:$D2026, MATCH($A14, SR!$A$2:$A2026, 0), MATCH(H$1, SR!$B$1:$D$1, 0) ), "")} -> 0.0046 | I14: {=IFERROR( INDEX( SR!$B$2:$D2026, MATCH($A14, SR!$A$2:$A2026, 0), MATCH(I$1, SR!$B$1:$D$1, 0) ), "")} -> 0.005878 | J14: {=IFERROR( INDEX( SR!$B$2:$D2026, MATCH($A14, SR!$A$2:$A2026, 0), MATCH(J$1, SR!$B$1:$D$1, 0) ), "")} -> 0.009429 | L14: 124.19 | M14: 24.14 | N14: 112.56 | O14: 118.73 | P14: 125.06 | Q14: 1354.7371 | S14: =((L14-L13)/L13)*0.1666+((M14-M13)/M13)*0.1666+((N14-N13)/N13)*0.1666+((O14-O13)/O13)*0.1666+((P14-P13)/P13)*0.1666+((Q14-Q13)/Q13)*0.1667 -> 0.00032016189 | T14: =1+S14 -> 1.0003202 | U14: =U15/T15 -> 99.799475
A15: 41740 | C15: {=IFERROR( INDEX( IR!$B$2:$E2026, MATCH($A15, IR!$A$2:$A2026, 0), MATCH(C$1, IR!$B$1:$E$1, 0) ), "")} -> 0.00253 | D15: {=IFERROR( INDEX( IR!$B$2:$E2026, MATCH($A15, IR!$A$2:$A2026, 0), MATCH(D$1, IR!$B$1:$E$1, 0) ), "")} -> 0.00328 | E15: {=IFERROR( INDEX( IR!$B$2:$E2026, MATCH($A15, IR!$A$2:$A2026, 0), MATCH(E$1, IR!$B$1:$E$1, 0) ), "")} -> 0.00428 | F15: {=IFERROR( INDEX( IR!$B$2:$E2026, MATCH($A15, IR!$A$2:$A2026, 0), MATCH(F$1, IR!$B$1:$E$1, 0) ), "")} -> 0.00601 | H15: {=IFERROR( INDEX( SR!$B$2:$D2026, MATCH($A15, SR!$A$2:$A2026, 0), MATCH(H$1, SR!$B$1:$D$1, 0) ), "")} -> 0.004675 | I15: {=IFERROR( INDEX( SR!$B$2:$D2026, MATCH($A15, SR!$A$2:$A2026, 0), MATCH(I$1, SR!$B$1:$D$1, 0) ), "")} -> 0.005868 | J15: {=IFERROR( INDEX( SR!$B$2:$D2026, MATCH($A15, SR!$A$2:$A2026, 0), MATCH(J$1, SR!$B$1:$D$1, 0) ), "")} -> 0.009248 | L15: 123.78 | M15: 24.14 | N15: 112.55 | O15: 119.01 | P15: 124.89 | Q15: 1346.1964 | S15: =((L15-L14)/L14)*0.1666+((M15-M14)/M14)*0.1666+((N15-N14)/N14)*0.1666+((O15-O14)/O14)*0.1666+((P15-P14)/P14)*0.1666+((Q15-Q14)/Q14)*0.1667 -> -0.0014493195 | T15: =1+S15 -> 0.99855068 | U15: =U16/T16 -> 99.654834
A16: 41743 | C16: {=IFERROR( INDEX( IR!$B$2:$E2026, MATCH($A16, IR!$A$2:$A2026, 0), MATCH(C$1, IR!$B$1:$E$1, 0) ), "")} -> 0.00252 | D16: {=IFERROR( INDEX( IR!$B$2:$E2026, MATCH($A16, IR!$A$2:$A2026, 0), MATCH(D$1, IR!$B$1:$E$1, 0) ), "")} -> 0.00328 | E16: {=IFERROR( INDEX( IR!$B$2:$E2026, MATCH($A16, IR!$A$2:$A2026, 0), MATCH(E$1, IR!$B$1:$E$1, 0) ), "")} -> 0.00427 | F16: {=IFERROR( INDEX( IR!$B$2:$E2026, MATCH($A16, IR!$A$2:$A2026, 0), MATCH(F$1, IR!$B$1:$E$1, 0) ), "")} -> 0.00599 | H16: {=IFERROR( INDEX( SR!$B$2:$D2026, MATCH($A16, SR!$A$2:$A2026, 0), MATCH(H$1, SR!$B$1:$D$1, 0) ), "")} -> 0.00458 | I16: {=IFERROR( INDEX( SR!$B$2:$D2026, MATCH($A16, SR!$A$2:$A2026, 0), MATCH(I$1, SR!$B$1:$D$1, 0) ), "")} -> 0.005798 | J16: {=IFERROR( INDEX( SR!$B$2:$D2026, MATCH($A16, SR!$A$2:$A2026, 0), MATCH(J$1, SR!$B$1:$D$1, 0) ), "")} -> 0.00933 | L16: 123.62 | M16: 24.16 | N16: 112.56 | O16: 118.44 | P16: 124.51 | Q16: 1338.6179 | S16: =((L16-L15)/L15)*0.1666+((M16-M15)/M15)*0.1666+((N16-N15)/N15)*0.1666+((O16-O15)/O15)*0.1666+((P16-P15)/P15)*0.1666+((Q16-Q15)/Q15)*0.1667 -> -0.0023058108 | T16: =1+S16 -> 0.99769419 | U16: =U17/T17 -> 99.425048
A17: 41744 | C17: {=IFERROR( INDEX( IR!$B$2:$E2026, MATCH($A17, IR!$A$2:$A2026, 0), MATCH(C$1, IR!$B$1:$E$1, 0) ), "")} -> 0.00251 | D17: {=IFERROR( INDEX( IR!$B$2:$E2026, MATCH($A17, IR!$A$2:$A2026, 0), MATCH(D$1, IR!$B$1:$E$1, 0) ), "")} -> 0.00327 | E17: {=IFERROR( INDEX( IR!$B$2:$E2026, MATCH($A17, IR!$A$2:$A2026, 0), MATCH(E$1, IR!$B$1:$E$1, 0) ), "")} -> 0.00426 | F17: {=IFERROR( INDEX( IR!$B$2:$E2026, MATCH($A17, IR!$A$2:$A2026, 0), MATCH(F$1, IR!$B$1:$E$1, 0) ), "")} -> 0.00598 | H17: {=IFERROR( INDEX( SR!$B$2:$D2026, MATCH($A17, SR!$A$2:$A2026, 0), MATCH(H$1, SR!$B$1:$D$1, 0) ), "")} -> 0.0044 | I17: {=IFERROR( INDEX( SR!$B$2:$D2026, MATCH($A17, SR!$A$2:$A2026, 0), MATCH(I$1, SR!$B$1:$D$1, 0) ), "")} -> 0.005548 | J17: {=IFERROR( INDEX( SR!$B$2:$D2026, MATCH($A17, SR!$A$2:$A2026, 0), MATCH(J$1, SR!$B$1:$D$1, 0) ), "")} -> 0.008945 | L17: 123.31 | M17: 24.15 | N17: 112.52 | O17: 118.43 | P17: 124.79 | Q17: 1338.9128 | S17: =((L17-L16)/L16)*0.1666+((M17-M16)/M16)*0.1666+((N17-N16)/N16)*0.1666+((O17-O16)/O16)*0.1666+((P17-P16)/P16)*0.1666+((Q17-Q16)/Q16)*0.1667 -> -0.00014863047 | T17: =1+S17 -> 0.99985137 | U17: =U18/T18 -> 99.410271
A18: 41745 | C18: {=IFERROR( INDEX( IR!$B$2:$E2026, MATCH($A18, IR!$A$2:$A2026, 0), MATCH(C$1, IR!$B$1:$E$1, 0) ), "")} -> 0.00248 | D18: {=IFERROR( INDEX( IR!$B$2:$E2026, MATCH($A18, IR!$A$2:$A2026, 0), MATCH(D$1, IR!$B$1:$E$1, 0) ), "")} -> 0.00327 | E18: {=IFERROR( INDEX( IR!$B$2:$E2026, MATCH($A18, IR!$A$2:$A2026, 0), MATCH(E$1, IR!$B$1:$E$1, 0) ), "")} -> 0.00427 | F18: {=IFERROR( INDEX( IR!$B$2:$E2026, MATCH($A18, IR!$A$2:$A2026, 0), MATCH(F$1, IR!$B$1:$E$1, 0) ), "")} -> 0.00598 | H18: {=IFERROR( INDEX( SR!$B$2:$D2026, MATCH($A18, SR!$A$2:$A2026, 0), MATCH(H$1, SR!$B$1:$D$1, 0) ), "")} -> 0.004473 | I18: {=IFERROR( INDEX( SR!$B$2:$D2026, MATCH($A18, SR!$A$2:$A2026, 0), MATCH(I$1, SR!$B$1:$D$1, 0) ), "")} -> 0.005592 | J18: {=IFERROR( INDEX( SR!$B$2:$D2026, MATCH($A18, SR!$A$2:$A2026, 0), MATCH(J$1, SR!$B$1:$D$1, 0) ), "")} -> 0.00902 | L18: 123.69 | M18: 24.16 | N18: 112.57 | O18: 118.17 | P18: 124.75 | Q18: 1338.6974 | S18: =((L18-L17)/L17)*0.1666+((M18-M17)/M17)*0.1666+((N18-N17)/N17)*0.1666+((O18-O17)/O17)*0.1666+((P18-P17)/P17)*0.1666+((Q18-Q17)/Q17)*0.1667 -> 0.00021045023 | T18: =1+S18 -> 1.0002104 | U18: =U19/T19 -> 99.431192
A19: 41746 | C19: {=IFERROR( INDEX( IR!$B$2:$E2026, MATCH($A19, IR!$A$2:$A2026, 0), MATCH(C$1, IR!$B$1:$E$1, 0) ), "")} -> 0.00246 | D19: {=IFERROR( INDEX( IR!$B$2:$E2026, MATCH($A19, IR!$A$2:$A2026, 0), MATCH(D$1, IR!$B$1:$E$1, 0) ), "")} -> 0.00328 | E19: {=IFERROR( INDEX( IR!$B$2:$E2026, MATCH($A19, IR!$A$2:$A2026, 0), MATCH(E$1, IR!$B$1:$E$1, 0) ), "")} -> 0.00426 | F19: {=IFERROR( INDEX( IR!$B$2:$E2026, MATCH($A19, IR!$A$2:$A2026, 0), MATCH(F$1, IR!$B$1:$E$1, 0) ), "")} -> 0.00599 | H19: {=IFERROR( INDEX( SR!$B$2:$D2026, MATCH($A19, SR!$A$2:$A2026, 0), MATCH(H$1, SR!$B$1:$D$1, 0) ), "")} -> 0.00473 | I19: {=IFERROR( INDEX( SR!$B$2:$D2026, MATCH($A19, SR!$A$2:$A2026, 0), MATCH(I$1, SR!$B$1:$D$1, 0) ), "")} -> 0.00584 | J19: {=IFERROR( INDEX( SR!$B$2:$D2026, MATCH($A19, SR!$A$2:$A2026, 0), MATCH(J$1, SR!$B$1:$D$1, 0) ), "")} -> 0.009525 | L19: 123.9 | M19: 24.15 | N19: 112.62 | O19: 118.76 | P19: 125.07 | Q19: 1345.9034 | S19: =((L19-L18)/L18)*0.1666+((M19-M18)/M18)*0.1666+((N19-N18)/N18)*0.1666+((O19-O18)/O18)*0.1666+((P19-P18)/P18)*0.1666+((Q19-Q18)/Q18)*0.1667 -> 0.0024443663 | T19: =1+S19 -> 1.0024444 | U19: =U20/T20 -> 99.674238
A20: 41751 | C20: {=IFERROR( INDEX( IR!$B$2:$E2026, MATCH($A20, IR!$A$2:$A2026, 0), MATCH(C$1, IR!$B$1:$E$1, 0) ), "")} -> 0.00248 | D20: {=IFERROR( INDEX( IR!$B$2:$E2026, MATCH($A20, IR!$A$2:$A2026, 0), MATCH(D$1, IR!$B$1:$E$1, 0) ), "")} -> 0.00329 | E20: {=IFERROR( INDEX( IR!$B$2:$E2026, MATCH($A20, IR!$A$2:$A2026, 0), MATCH(E$1, IR!$B$1:$E$1, 0) ), "")} -> 0.00429 | F20: {=IFERROR( INDEX( IR!$B$2:$E2026, MATCH($A20, IR!$A$2:$A2026, 0), MATCH(F$1, IR!$B$1:$E$1, 0) ), "")} -> 0.00603 | H20: {=IFERROR( INDEX( SR!$B$2:$D2026, MATCH($A20, SR!$A$2:$A2026, 0), MATCH(H$1, SR!$B$1:$D$1, 0) ), "")} -> 0.00471 | I20: {=IFERROR( INDEX( SR!$B$2:$D2026, MATCH($A20, SR!$A$2:$A2026, 0), MATCH(I$1, SR!$B$1:$D$1, 0) ), "")} -> 0.00597 | J20: {=IFERROR( INDEX( SR!$B$2:$D2026, MATCH($A20, SR!$A$2:$A2026, 0), MATCH(J$1, SR!$B$1:$D$1, 0) ), "")} -> 0.0095 | L20: 124.39 | M20: 24.16 | N20: 112.71 | O20: 118.98 | P20: 125.05 | Q20: 1351.2213 | S20: =((L20-L19)/L19)*0.1666+((M20-M19)/M19)*0.1666+((N20-N19)/N19)*0.1666+((O20-O19)/O19)*0.1666+((P20-P19)/P19)*0.1666+((Q20-Q19)/Q19)*0.1667 -> 0.0018016358 | T20: =1+S20 -> 1.0018016 | U20: =U21/T21 -> 99.853815
A21: 41752 | C21: {=IFERROR( INDEX( IR!$B$2:$E2026, MATCH($A21, IR!$A$2:$A2026, 0), MATCH(C$1, IR!$B$1:$E$1, 0) ), "")} -> 0.00253 | D21: {=IFERROR( INDEX( IR!$B$2:$E2026, MATCH($A21, IR!$A$2:$A2026, 0), MATCH(D$1, IR!$B$1:$E$1, 0) ), "")} -> 0.00332 | E21: {=IFERROR( INDEX( IR!$B$2:$E2026, MATCH($A21, IR!$A$2:$A2026, 0), MATCH(E$1, IR!$B$1:$E$1, 0) ), "")} -> 0.00432 | F21: {=IFERROR( INDEX( IR!$B$2:$E2026, MATCH($A21, IR!$A$2:$A2026, 0), MATCH(F$1, IR!$B$1:$E$1, 0) ), "")} -> 0.00606 | H21: {=IFERROR( INDEX( SR!$B$2:$D2026, MATCH($A21, SR!$A$2:$A2026, 0), MATCH(H$1, SR!$B$1:$D$1, 0) ), "")} -> 0.0048 | I21: {=IFERROR( INDEX( SR!$B$2:$D2026, MATCH($A21, SR!$A$2:$A2026, 0), MATCH(I$1, SR!$B$1:$D$1, 0) ), "")} -> 0.00603 | J21: {=IFERROR( INDEX( SR!$B$2:$D2026, MATCH($A21, SR!$A$2:$A2026, 0), MATCH(J$1, SR!$B$1:$D$1, 0) ), "")} -> 0.00963 | L21: 124.3 | M21: 24.14 | N21: 112.68 | O21: 119.6 | P21: 125.35 | Q21: 1357.9768 | S21: =((L21-L20)/L20)*0.1666+((M21-M20)/M20)*0.1666+((N21-N20)/N20)*0.1666+((O21-O20)/O20)*0.1666+((P21-P20)/P20)*0.1666+((Q21-Q20)/Q20)*0.1667 -> 0.0017984532 | T21: =1+S21 -> 1.0017985 | U21: =U22/T22 -> 100.0334
A22: 41753 | C22: {=IFERROR( INDEX( IR!$B$2:$E2026, MATCH($A22, IR!$A$2:$A2026, 0), MATCH(C$1, IR!$B$1:$E$1, 0) ), "")} -> 0.00261 | D22: {=IFERROR( INDEX( IR!$B$2:$E2026, MATCH($A22, IR!$A$2:$A2026, 0), MATCH(D$1, IR!$B$1:$E$1, 0) ), "")} -> 0.00337 | E22: {=IFERROR( INDEX( IR!$B$2:$E2026, MATCH($A22, IR!$A$2:$A2026, 0), MATCH(E$1, IR!$B$1:$E$1, 0) ), "")} -> 0.00437 | F22: {=IFERROR( INDEX( IR!$B$2:$E2026, MATCH($A22, IR!$A$2:$A2026, 0), MATCH(F$1, IR!$B$1:$E$1, 0) ), "")} -> 0.00611 | H22: {=IFERROR( INDEX( SR!$B$2:$D2026, MATCH($A22, SR!$A$2:$A2026, 0), MATCH(H$1, SR!$B$1:$D$1, 0) ), "")} -> 0.00486 | I22: {=IFERROR( INDEX( SR!$B$2:$D2026, MATCH($A22, SR!$A$2:$A2026, 0), MATCH(I$1, SR!$B$1:$D$1, 0) ), "")} -> 0.00614 | J22: {=IFERROR( INDEX( SR!$B$2:$D2026, MATCH($A22, SR!$A$2:$A2026, 0), MATCH(J$1, SR!$B$1:$D$1, 0) ), "")} -> 0.00972 | L22: 124.31 | M22: 24.15 | N22: 112.67 | O22: 119.48 | P22: 125.23 | Q22: 1356.5453 | S22: =((L22-L21)/L21)*0.1666+((M22-M21)/M21)*0.1666+((N22-N21)/N21)*0.1666+((O22-O21)/O21)*0.1666+((P22-P21)/P21)*0.1666+((Q22-Q21)/Q21)*0.1667 -> -0.00043474014 | T22: =1+S22 -> 0.99956526 | U22: =U23/T23 -> 99.989909
A23: 41754 | C23: {=IFERROR( INDEX( IR!$B$2:$E2026, MATCH($A23, IR!$A$2:$A2026, 0), MATCH(C$1, IR!$B$1:$E$1, 0) ), "")} -> 0.00269 | D23: {=IFERROR( INDEX( IR!$B$2:$E2026, MATCH($A23, IR!$A$2:$A2026, 0), MATCH(D$1, IR!$B$1:$E$1, 0) ), "")} -> 0.00344 | E23: {=IFERROR( INDEX( IR!$B$2:$E2026, MATCH($A23, IR!$A$2:$A2026, 0), MATCH(E$1, IR!$B$1:$E$1, 0) ), "")} -> 0.00443 | F23: {=IFERROR( INDEX( IR!$B$2:$E2026, MATCH($A23, IR!$A$2:$A2026, 0), MATCH(F$1, IR!$B$1:$E$1, 0) ), "")} -> 0.00619 | H23: {=IFERROR( INDEX( SR!$B$2:$D2026, MATCH($A23, SR!$A$2:$A2026, 0), MATCH(H$1, SR!$B$1:$D$1, 0) ), "")} -> 0.004795 | I23: {=IFERROR( INDEX( SR!$B$2:$D2026, MATCH($A23, SR!$A$2:$A2026, 0), MATCH(I$1, SR!$B$1:$D$1, 0) ), "")} -> 0.006031 | J23: {=IFERROR( INDEX( SR!$B$2:$D2026, MATCH($A23, SR!$A$2:$A2026, 0), MATCH(J$1, SR!$B$1:$D$1, 0) ), "")} -> 0.009545 | L23: 124.03 | M23: 24.15 | N23: 112.57 | O23: 119.37 | P23: 125.36 | Q23: 1357.1112 | S23: =((L23-L22)/L22)*0.1666+((M23-M22)/M22)*0.1666+((N23-N22)/N22)*0.1666+((O23-O22)/O22)*0.1666+((P23-P22)/P22)*0.1666+((Q23-Q22)/Q22)*0.1667 -> -0.00043401539 | T23: =1+S23 -> 0.99956598 | U23: =U24/T24 -> 99.946511
A24: 41757 | C24: {=IFERROR( INDEX( IR!$B$2:$E2026, MATCH($A24, IR!$A$2:$A2026, 0), MATCH(C$1, IR!$B$1:$E$1, 0) ), "")} -> 0.00269 | D24: {=IFERROR( INDEX( IR!$B$2:$E2026, MATCH($A24, IR!$A$2:$A2026, 0), MATCH(D$1, IR!$B$1:$E$1, 0) ), "")} -> 0.00345 | E24: {=IFERROR( INDEX( IR!$B$2:$E2026, MATCH($A24, IR!$A$2:$A2026, 0), MATCH(E$1, IR!$B$1:$E$1, 0) ), "")} -> 0.00444 | F24: {=IFERROR( INDEX( IR!$B$2:$E2026, MATCH($A24, IR!$A$2:$A2026, 0), MATCH(F$1, IR!$B$1:$E$1, 0) ), "")} -> 0.0062 | H24: {=IFERROR( INDEX( SR!$B$2:$D2026, MATCH($A24, SR!$A$2:$A2026, 0), MATCH(H$1, SR!$B$1:$D$1, 0) ), "")} -> 0.00482 | I24: {=IFERROR( INDEX( SR!$B$2:$D2026, MATCH($A24, SR!$A$2:$A2026, 0), MATCH(I$1, SR!$B$1:$D$1, 0) ), "")} -> 0.006097 | J24: {=IFERROR( INDEX( SR!$B$2:$D2026, MATCH($A24, SR!$A$2:$A2026, 0), MATCH(J$1, SR!$B$1:$D$1, 0) ), "")} -> 0.009584 | L24: 123.87 | M24: 24.15 | N24: 112.58 | O24: 119.2 | P24: 125.2 | Q24: 1348.2083 | S24: =((L24-L23)/L23)*0.1666+((M24-M23)/M23)*0.1666+((N24-N23)/N23)*0.1666+((O24-O23)/O23)*0.1666+((P24-P23)/P23)*0.1666+((Q24-Q23)/Q23)*0.1667 -> -0.0017435967 | T24: =1+S24 -> 0.9982564 | U24: =U25/T25 -> 99.772245 | W24: {=SQRT(252/20) * SQRT( SUMSQ( LN(U3:U22 / U2:U21) ) - (1/20) * ( SUM( LN(U3:U22 / U2:U21) ) ^ 2 ) )} -> 0.021509836 | X24: =MIN(1.5, 0.06/W24) -> 1.5
A25: 41758 | C25: {=IFERROR( INDEX( IR!$B$2:$E2026, MATCH($A25, IR!$A$2:$A2026, 0), MATCH(C$1, IR!$B$1:$E$1, 0) ), "")} -> 0.00269 | D25: {=IFERROR( INDEX( IR!$B$2:$E2026, MATCH($A25, IR!$A$2:$A2026, 0), MATCH(D$1, IR!$B$1:$E$1, 0) ), "")} -> 0.00347 | E25: {=IFERROR( INDEX( IR!$B$2:$E2026, MATCH($A25, IR!$A$2:$A2026, 0), MATCH(E$1, IR!$B$1:$E$1, 0) ), "")} -> 0.00444 | F25: {=IFERROR( INDEX( IR!$B$2:$E2026, MATCH($A25, IR!$A$2:$A2026, 0), MATCH(F$1, IR!$B$1:$E$1, 0) ), "")} -> 0.00621 | H25: {=IFERROR( INDEX( SR!$B$2:$D2026, MATCH($A25, SR!$A$2:$A2026, 0), MATCH(H$1, SR!$B$1:$D$1, 0) ), "")} -> 0.00455 | I25: {=IFERROR( INDEX( SR!$B$2:$D2026, MATCH($A25, SR!$A$2:$A2026, 0), MATCH(I$1, SR!$B$1:$D$1, 0) ), "")} -> 0.00583 | J25: {=IFERROR( INDEX( SR!$B$2:$D2026, MATCH($A25, SR!$A$2:$A2026, 0), MATCH(J$1, SR!$B$1:$D$1, 0) ), "")} -> 0.00937 | L25: 124.27 | M25: 24.16 | N25: 112.64 | O25: 119.15 | P25: 125.27 | Q25: 1344.6801 | S25: =((L25-L24)/L24)*0.1666+((M25-M24)/M24)*0.1666+((N25-N24)/N24)*0.1666+((O25-O24)/O24)*0.1666+((P25-P24)/P24)*0.1666+((Q25-Q24)/Q24)*0.1667 -> 0.00028277714 | T25: =1+S25 -> 1.0002828 | U25: =U26/T26 -> 99.800458 | W25: {=SQRT(252/20) * SQRT( SUMSQ( LN(U4:U23 / U3:U22) ) - (1/20) * ( SUM( LN(U4:U23 / U3:U22) ) ^ 2 ) )} -> 0.020788635 | X25: =MIN(1.5, 0.06/W25) -> 1.5
A26: 41759 | C26: {=IFERROR( INDEX( IR!$B$2:$E2026, MATCH($A26, IR!$A$2:$A2026, 0), MATCH(C$1, IR!$B$1:$E$1, 0) ), "")} -> 0.00261 | D26: {=IFERROR( INDEX( IR!$B$2:$E2026, MATCH($A26, IR!$A$2:$A2026, 0), MATCH(D$1, IR!$B$1:$E$1, 0) ), "")} -> 0.00339 | E26: {=IFERROR( INDEX( IR!$B$2:$E2026, MATCH($A26, IR!$A$2:$A2026, 0), MATCH(E$1, IR!$B$1:$E$1, 0) ), "")} -> 0.00438 | F26: {=IFERROR( INDEX( IR!$B$2:$E2026, MATCH($A26, IR!$A$2:$A2026, 0), MATCH(F$1, IR!$B$1:$E$1, 0) ), "")} -> 0.00614 | H26: {=IFERROR( INDEX( SR!$B$2:$D2026, MATCH($A26, SR!$A$2:$A2026, 0), MATCH(H$1, SR!$B$1:$D$1, 0) ), "")} -> 0.00448 | I26: {=IFERROR( INDEX( SR!$B$2:$D2026, MATCH($A26, SR!$A$2:$A2026, 0), MATCH(I$1, SR!$B$1:$D$1, 0) ), "")} -> 0.0057 | J26: {=IFERROR( INDEX( SR!$B$2:$D2026, MATCH($A26, SR!$A$2:$A2026, 0), MATCH(J$1, SR!$B$1:$D$1, 0) ), "")} -> 0.009156 | L26: 124.25 | M26: 24.15 | N26: 112.65 | O26: 119.87 | P26: 125.59 | Q26: 1349.9078 | S26: =((L26-L25)/L25)*0.1666+((M26-M25)/M25)*0.1666+((N26-N25)/N25)*0.1666+((O26-O25)/O25)*0.1666+((P26-P25)/P25)*0.1666+((Q26-Q25)/Q25)*0.1667 -> 0.0019994067 | T26: =1+S26 -> 1.0019994 | U26: 100 | W26: {=SQRT(252/20) * SQRT( SUMSQ( LN(U5:U24 / U4:U23) ) - (1/20) * ( SUM( LN(U5:U24 / U4:U23) ) ^ 2 ) )} -> 0.021815854 | X26: =MIN(1.5, 0.06/W26) -> 1.5 | Z26: =1+X25*((U26/U25)-1)+(1-X25)*C25*((A26-A25)/360) -> 1.0029954 | AA26: 100 | AC26: =ROUNDUP( 1000*MAX(0, (AA26/100)*(1-0.011)^(4) -1), 2) -> 0
A27: 41761 | C27: {=IFERROR( INDEX( IR!$B$2:$E2026, MATCH($A27, IR!$A$2:$A2026, 0), MATCH(C$1, IR!$B$1:$E$1, 0) ), "")} -> 0.00258 | D27: {=IFERROR( INDEX( IR!$B$2:$E2026, MATCH($A27, IR!$A$2:$A2026, 0), MATCH(D$1, IR!$B$1:$E$1, 0) ), "")} -> 0.00336 | E27: {=IFERROR( INDEX( IR!$B$2:$E2026, MATCH($A27, IR!$A$2:$A2026, 0), MATCH(E$1, IR!$B$1:$E$1, 0) ), "")} -> 0.00437 | F27: {=IFERROR( INDEX( IR!$B$2:$E2026, MATCH($A27, IR!$A$2:$A2026, 0), MATCH(F$1, IR!$B$1:$E$1, 0) ), "")} -> 0.00612 | H27: {=IFERROR( INDEX( SR!$B$2:$D2026, MATCH($A27, SR!$A$2:$A2026, 0), MATCH(H$1, SR!$B$1:$D$1, 0) ), "")} -> 0.004355 | I27: {=IFERROR( INDEX( SR!$B$2:$D2026, MATCH($A27, SR!$A$2:$A2026, 0), MATCH(I$1, SR!$B$1:$D$1, 0) ), "")} -> 0.00554 | J27: {=IFERROR( INDEX( SR!$B$2:$D2026, MATCH($A27, SR!$A$2:$A2026, 0), MATCH(J$1, SR!$B$1:$D$1, 0) ), "")} -> 0.008976 | L27: 124.25 | M27: 24.15 | N27: 112.66 | O27: 120.23 | P27: 125.59 | Q27: 1353.2495 | S27: =((L27-L26)/L26)*0.1666+((M27-M26)/M26)*0.1666+((N27-N26)/N26)*0.1666+((O27-O26)/O26)*0.1666+((P27-P26)/P26)*0.1666+((Q27-Q26)/Q26)*0.1667 -> 0.00092779746 | T27: =1+S27 -> 1.0009278 | U27: =U26*T27 -> 100.09278 | W27: {=SQRT(252/20) * SQRT( SUMSQ( LN(U6:U25 / U5:U24) ) - (1/20) * ( SUM( LN(U6:U25 / U5:U24) ) ^ 2 ) )} -> 0.021584303 | X27: =MIN(1.5, 0.06/W27) -> 1.5 | Z27: =1+X26*((U27/U26)-1)+(1-X26)*C26*((A27-A26)/360) -> 1.0013844 | AA27: =AA26*Z27 -> 100.13844 | AC27: =ROUNDUP( 1000*MAX(0, (AA27/100)*(1-0.011)^(4) -1), 2) -> 0
A28: 41764 | C28: {=IFERROR( INDEX( IR!$B$2:$E2026, MATCH($A28, IR!$A$2:$A2026, 0), MATCH(C$1, IR!$B$1:$E$1, 0) ), "")} -> 0.00258 | D28: {=IFERROR( INDEX( IR!$B$2:$E2026, MATCH($A28, IR!$A$2:$A2026, 0), MATCH(D$1, IR!$B$1:$E$1, 0) ), "")} -> 0.00336 | E28: {=IFERROR( INDEX( IR!$B$2:$E2026, MATCH($A28, IR!$A$2:$A2026, 0), MATCH(E$1, IR!$B$1:$E$1, 0) ), "")} -> 0.00437 | F28: {=IFERROR( INDEX( IR!$B$2:$E2026, MATCH($A28, IR!$A$2:$A2026, 0), MATCH(F$1, IR!$B$1:$E$1, 0) ), "")} -> 0.00613 | H28: {=IFERROR( INDEX( SR!$B$2:$D2026, MATCH($A28, SR!$A$2:$A2026, 0), MATCH(H$1, SR!$B$1:$D$1, 0) ), "")} -> 0.004465 | I28: {=IFERROR( INDEX( SR!$B$2:$D2026, MATCH($A28, SR!$A$2:$A2026, 0), MATCH(I$1, SR!$B$1:$D$1, 0) ), "")} -> 0.005599 | J28: {=IFERROR( INDEX( SR!$B$2:$D2026, MATCH($A28, SR!$A$2:$A2026, 0), MATCH(J$1, SR!$B$1:$D$1, 0) ), "")} -> 0.00907 | L28: 124.26 | M28: 24.15 | N28: 112.67 | O28: 120.14 | P28: 125.74 | Q28: 1354.604 | S28: =((L28-L27)/L27)*0.1666+((M28-M27)/M27)*0.1666+((N28-N27)/N27)*0.1666+((O28-O27)/O27)*0.1666+((P28-P27)/P27)*0.1666+((Q28-Q27)/Q27)*0.1667 -> 0.00026932019 | T28: =1+S28 -> 1.0002693 | U28: =U27*T28 -> 100.11974 | W28: {=SQRT(252/20) * SQRT( SUMSQ( LN(U7:U26 / U6:U25) ) - (1/20) * ( SUM( LN(U7:U26 / U6:U25) ) ^ 2 ) )} -> 0.022376959 | X28: =MIN(1.5, 0.06/W28) -> 1.5 | Z28: =1+X27*((U28/U27)-1)+(1-X27)*C27*((A28-A27)/360) -> 1.0003932 | AA28: =AA27*Z28 -> 100.17782 | AC28: =ROUNDUP( 1000*MAX(0, (AA28/100)*(1-0.011)^(4) -1), 2) -> 0
A29: 41765 | C29: {=IFERROR( INDEX( IR!$B$2:$E2026, MATCH($A29, IR!$A$2:$A2026, 0), MATCH(C$1, IR!$B$1:$E$1, 0) ), "")} -> 0.00257 | D29: {=IFERROR( INDEX( IR!$B$2:$E2026, MATCH($A29, IR!$A$2:$A2026, 0), MATCH(D$1, IR!$B$1:$E$1, 0) ), "")} -> 0.00337 | E29: {=IFERROR( INDEX( IR!$B$2:$E2026, MATCH($A29, IR!$A$2:$A2026, 0), MATCH(E$1, IR!$B$1:$E$1, 0) ), "")} -> 0.00438 | F29: {=IFERROR( INDEX( IR!$B$2:$E2026, MATCH($A29, IR!$A$2:$A2026, 0), MATCH(F$1, IR!$B$1:$E$1, 0) ), "")} -> 0.00613 | H29: {=IFERROR( INDEX( SR!$B$2:$D2026, MATCH($A29, SR!$A$2:$A2026, 0), MATCH(H$1, SR!$B$1:$D$1, 0) ), "")} -> 0.00459 | I29: {=IFERROR( INDEX( SR!$B$2:$D2026, MATCH($A29, SR!$A$2:$A2026, 0), MATCH(I$1, SR!$B$1:$D$1, 0) ), "")} -> 0.00579 | J29: {=IFERROR( INDEX( SR!$B$2:$D2026, MATCH($A29, SR!$A$2:$A2026, 0), MATCH(J$1, SR!$B$1:$D$1, 0) ), "")} -> 0.009245 | L29: 124.18 | M29: 24.16 | N29: 112.68 | O29: 119.99 | P29: 125.66 | Q29: 1354.6078 | S29: =((L29-L28)/L28)*0.1666+((M29-M28)/M28)*0.1666+((N29-N28)/N28)*0.1666+((O29-O28)/O28)*0.1666+((P29-P28)/P28)*0.1666+((Q29-Q28)/Q28)*0.1667 -> -0.00033702311 | T29: =1+S29 -> 0.99966298 | U29: =U28*T29 -> 100.08599 | W29: {=SQRT(252/20) * SQRT( SUMSQ( LN(U8:U27 / U7:U26) ) - (1/20) * ( SUM( LN(U8:U27 / U7:U26) ) ^ 2 ) )} -> 0.022263638 | X29: =MIN(1.5, 0.06/W29) -> 1.5 | Z29: =1+X28*((U29/U28)-1)+(1-X28)*C28*((A29-A28)/360) -> 0.99949088 | AA29: =AA28*Z29 -> 100.12682 | AC29: =ROUNDUP( 1000*MAX(0, (AA29/100)*(1-0.011)^(4) -1), 2) -> 0
A30: 41766 | C30: {=IFERROR( INDEX( IR!$B$2:$E2026, MATCH($A30, IR!$A$2:$A2026, 0), MATCH(C$1, IR!$B$1:$E$1, 0) ), "")} -> 0.00262 | D30: {=IFERROR( INDEX( IR!$B$2:$E2026, MATCH($A30, IR!$A$2:$A2026, 0), MATCH(D$1, IR!$B$1:$E$1, 0) ), "")} -> 0.00338 | E30: {=IFERROR( INDEX( IR!$B$2:$E2026, MATCH($A30, IR!$A$2:$A2026, 0), MATCH(E$1, IR!$B$1:$E$1, 0) ), "")} -> 0.00437 | F30: {=IFERROR( INDEX( IR!$B$2:$E2026, MATCH($A30, IR!$A$2:$A2026, 0), MATCH(F$1, IR!$B$1:$E$1, 0) ), "")} -> 0.00614 | H30: {=IFERROR( INDEX( SR!$B$2:$D2026, MATCH($A30, SR!$A$2:$A2026, 0), MATCH(H$1, SR!$B$1:$D$1, 0) ), "")} -> 0.00461 | I30: {=IFERROR( INDEX( SR!$B$2:$D2026, MATCH($A30, SR!$A$2:$A2026, 0), MATCH(I$1, SR!$B$1:$D$1, 0) ), "")} -> 0.00586 | J30: {=IFERROR( INDEX( SR!$B$2:$D2026, MATCH($A30, SR!$A$2:$A2026, 0), MATCH(J$1, SR!$B$1:$D$1, 0) ), "")} -> 0.009358 | L30: 124.27 | M30: 24.16 | N30: 112.67 | O30: 119.66 | P30: 125.45 | Q30: 1350.6503 | S30: =((L30-L29)/L29)*0.1666+((M30-M29)/M29)*0.1666+((N30-N29)/N29)*0.1666+((O30-O29)/O29)*0.1666+((P30-P29)/P29)*0.1666+((Q30-Q29)/Q29)*0.1667 -> -0.001117663 | T30: =1+S30 -> 0.99888234 | U30: =U29*T30 -> 99.974132 | W30: {=SQRT(252/20) * SQRT( SUMSQ( LN(U9:U28 / U8:U27) ) - (1/20) * ( SUM( LN(U9:U28 / U8:U27) ) ^ 2 ) )} -> 0.021868632 | X30: =MIN(1.5, 0.06/W30) -> 1.5 | Z30: =1+X29*((U30/U29)-1)+(1-X29)*C29*((A30-A29)/360) -> 0.99831994 | AA30: =AA29*Z30 -> 99.9586 | AC30: =ROUNDUP( 1000*MAX(0, (AA30/100)*(1-0.011)^(4) -1), 2) -> 0
A31: 41767 | C31: {=IFERROR( INDEX( IR!$B$2:$E2026, MATCH($A31, IR!$A$2:$A2026, 0), MATCH(C$1, IR!$B$1:$E$1, 0) ), "")} -> 0.00262 | D31: {=IFERROR( INDEX( IR!$B$2:$E2026, MATCH($A31, IR!$A$2:$A2026, 0), MATCH(D$1, IR!$B$1:$E$1, 0) ), "")} -> 0.00338 | E31: {=IFERROR( INDEX( IR!$B$2:$E2026, MATCH($A31, IR!$A$2:$A2026, 0), MATCH(E$1, IR!$B$1:$E$1, 0) ), "")} -> 0.00438 | F31: {=IFERROR( INDEX( IR!$B$2:$E2026, MATCH($A31, IR!$A$2:$A2026, 0), MATCH(F$1, IR!$B$1:$E$1, 0) ), "")} -> 0.00617 | H31: {=IFERROR( INDEX( SR!$B$2:$D2026, MATCH($A31, SR!$A$2:$A2026, 0), MATCH(H$1, SR!$B$1:$D$1, 0) ), "")} -> 0.00432 | I31: {=IFERROR( INDEX( SR!$B$2:$D2026, MATCH($A31, SR!$A$2:$A2026, 0), MATCH(I$1, SR!$B$1:$D$1, 0) ), "")} -> 0.005415 | J31: {=IFERROR( INDEX( SR!$B$2:$D2026, MATCH($A31, SR!$A$2:$A2026, 0), MATCH(J$1, SR!$B$1:$D$1, 0) ), "")} -> 0.00891 | L31: 124.27 | M31: 24.19 | N31: 112.73 | O31: 119.74 | P31: 125.63 | Q31: 1351.6692 | S31: =((L31-L30)/L30)*0.1666+((M31-M30)/M30)*0.1666+((N31-N30)/N30)*0.1666+((O31-O30)/O30)*0.1666+((P31-P30)/P30)*0.1666+((Q31-Q30)/Q30)*0.1667 -> 0.00077177053 | T31: =1+S31 -> 1.0007718 | U31: =U30*T31 -> 100.05129 | W31: {=SQRT(252/20) * SQRT( SUMSQ( LN(U10:U29 / U9:U28) ) - (1/20) * ( SUM( LN(U10:U29 / U9:U28) ) ^ 2 ) )} -> 0.021766368 | X31: =MIN(1.5, 0.06/W31) -> 1.5 | Z31: =1+X30*((U31/U30)-1)+(1-X30)*C30*((A31-A30)/360) -> 1.001154 | AA31: =AA30*Z31 -> 100.07395 | AC31: =ROUNDUP( 1000*MAX(0, (AA31/100)*(1-0.011)^(4) -1), 2) -> 0
A32: 41768 | C32: {=IFERROR( INDEX( IR!$B$2:$E2026, MATCH($A32, IR!$A$2:$A2026, 0), MATCH(C$1, IR!$B$1:$E$1, 0) ), "")} -> 0.00266 | D32: {=IFERROR( INDEX( IR!$B$2:$E2026, MATCH($A32, IR!$A$2:$A2026, 0), MATCH(D$1, IR!$B$1:$E$1, 0) ), "")} -> 0.00336 | E32: {=IFERROR( INDEX( IR!$B$2:$E2026, MATCH($A32, IR!$A$2:$A2026, 0), MATCH(E$1, IR!$B$1:$E$1, 0) ), "")} -> 0.00431 | F32: {=IFERROR( INDEX( IR!$B$2:$E2026, MATCH($A32, IR!$A$2:$A2026, 0), MATCH(F$1, IR!$B$1:$E$1, 0) ), "")} -> 0.00606 | H32: {=IFERROR( INDEX( SR!$B$2:$D2026, MATCH($A32, SR!$A$2:$A2026, 0), MATCH(H$1, SR!$B$1:$D$1, 0) ), "")} -> 0.004395 | I32: {=IFERROR( INDEX( SR!$B$2:$D2026, MATCH($A32, SR!$A$2:$A2026, 0), MATCH(I$1, SR!$B$1:$D$1, 0) ), "")} -> 0.00547 | J32: {=IFERROR( INDEX( SR!$B$2:$D2026, MATCH($A32, SR!$A$2:$A2026, 0), MATCH(J$1, SR!$B$1:$D$1, 0) ), "")} -> 0.0089 | L32: 124.53 | M32: 24.21 | N32: 112.79 | O32: 120.54 | P32: 126.02 | Q32: 1353.9108 | S32: =((L32-L31)/L31)*0.1666+((M32-M31)/M31)*0.1666+((N32-N31)/N31)*0.1666+((O32-O31)/O31)*0.1666+((P32-P31)/P31)*0.1666+((Q32-Q31)/Q31)*0.1667 -> 0.0024816965 | T32: =1+S32 -> 1.0024817 | U32: =U31*T32 -> 100.29959 | W32: {=SQRT(252/20) * SQRT( SUMSQ( LN(U11:U30 / U10:U29) ) - (1/20) * ( SUM( LN(U11:U30 / U10:U29) ) ^ 2 ) )} -> 0.022081557 | X32: =MIN(1.5, 0.06/W32) -> 1.5 | Z32: =1+X31*((U32/U31)-1)+(1-X31)*C31*((A32-A31)/360) -> 1.0037189 | AA32: =AA31*Z32 -> 100.44612 | AC32: =ROUNDUP( 1000*MAX(0, (AA32/100)*(1-0.011)^(4) -1), 2) -> 0
A33: 41771 | C33: {=IFERROR( INDEX( IR!$B$2:$E2026, MATCH($A33, IR!$A$2:$A2026, 0), MATCH(C$1, IR!$B$1:$E$1, 0) ), "")} -> 0.00267 | D33: {=IFERROR( INDEX( IR!$B$2:$E2026, MATCH($A33, IR!$A$2:$A2026, 0), MATCH(D$1, IR!$B$1:$E$1, 0) ), "")} -> 0.00335 | E33: {=IFERROR( INDEX( IR!$B$2:$E2026, MATCH($A33, IR!$A$2:$A2026, 0), MATCH(E$1, IR!$B$1:$E$1, 0) ), "")} -> 0.0043 | F33: {=IFERROR( INDEX( IR!$B$2:$E2026, MATCH($A33, IR!$A$2:$A2026, 0), MATCH(F$1, IR!$B$1:$E$1, 0) ), "")} -> 0.00607 | H33: {=IFERROR( INDEX( SR!$B$2:$D2026, MATCH($A33, SR!$A$2:$A2026, 0), MATCH(H$1, SR!$B$1:$D$1, 0) ), "")} -> 0.00436 | I33: {=IFERROR( INDEX( SR!$B$2:$D2026, MATCH($A33, SR!$A$2:$A2026, 0), MATCH(I$1, SR!$B$1:$D$1, 0) ), "")} -> 0.005452 | J33: {=IFERROR( INDEX( SR!$B$2:$D2026, MATCH($A33, SR!$A$2:$A2026, 0), MATCH(J$1, SR!$B$1:$D$1, 0) ), "")} -> 0.008859 | L33: 124.83 | M33: 24.21 | N33: 112.84 | O33: 120.41 | P33: 126.13 | Q33: 1352.7116 | S33: =((L33-L32)/L32)*0.1666+((M33-M32)/M32)*0.1666+((N33-N32)/N32)*0.1666+((O33-O32)/O32)*0.1666+((P33-P32)/P32)*0.1666+((Q33-Q32)/Q32)*0.1667 -> 0.00029329844 | T33: =1+S33 -> 1.0002933 | U33: =U32*T33 -> 100.329 | W33: {=SQRT(252/20) * SQRT( SUMSQ( LN(U12:U31 / U11:U30) ) - (1/20) * ( SUM( LN(U12:U31 / U11:U30) ) ^ 2 ) )} -> 0.022264381 | X33: =MIN(1.5, 0.06/W33) -> 1.5 | Z33: =1+X32*((U33/U32)-1)+(1-X32)*C32*((A33-A32)/360) -> 1.0004289 | AA33: =AA32*Z33 -> 100.4892 | AC33: =ROUNDUP( 1000*MAX(0, (AA33/100)*(1-0.011)^(4) -1), 2) -> 0
A34: 41772 | C34: {=IFERROR( INDEX( IR!$B$2:$E2026, MATCH($A34, IR!$A$2:$A2026, 0), MATCH(C$1, IR!$B$1:$E$1, 0) ), "")} -> 0.00268 | D34: {=IFERROR( INDEX( IR!$B$2:$E2026, MATCH($A34, IR!$A$2:$A2026, 0), MATCH(D$1, IR!$B$1:$E$1, 0) ), "")} -> 0.00335 | E34: {=IFERROR( INDEX( IR!$B$2:$E2026, MATCH($A34, IR!$A$2:$A2026, 0), MATCH(E$1, IR!$B$1:$E$1, 0) ), "")} -> 0.00429 | F34: {=IFERROR( INDEX( IR!$B$2:$E2026, MATCH($A34, IR!$A$2:$A2026, 0), MATCH(F$1, IR!$B$1:$E$1, 0) ), "")} -> 0.00605 | H34: {=IFERROR( INDEX( SR!$B$2:$D2026, MATCH($A34, SR!$A$2:$A2026, 0), MATCH(H$1, SR!$B$1:$D$1, 0) ), "")} -> 0.00415 | I34: {=IFERROR( INDEX( SR!$B$2:$D2026, MATCH($A34, SR!$A$2:$A2026, 0), MATCH(I$1, SR!$B$1:$D$1, 0) ), "")} -> 0.005086 | J34: {=IFERROR( INDEX( SR!$B$2:$D2026, MATCH($A34, SR!$A$2:$A2026, 0), MATCH(J$1, SR!$B$1:$D$1, 0) ), "")} -> 0.008357 | L34: 124.96 | M34: 24.23 | N34: 112.91 | O34: 120.86 | P34: 126.39 | Q34: 1360.2299 | S34: =((L34-L33)/L33)*0.1666+((M34-M33)/M33)*0.1666+((N34-N33)/N33)*0.1666+((O34-O33)/O33)*0.1666+((P34-P33)/P33)*0.1666+((Q34-Q33)/Q33)*0.1667 -> 0.0023070349 | T34: =1+S34 -> 1.002307 | U34: =U33*T34 -> 100.56047 | W34: {=SQRT(252/20) * SQRT( SUMSQ( LN(U13:U32 / U12:U31) ) - (1/20) * ( SUM( LN(U13:U32 / U12:U31) ) ^ 2 ) )} -> 0.021056109 | X34: =MIN(1.5, 0.06/W34) -> 1.5 | Z34: =1+X33*((U34/U33)-1)+(1-X33)*C33*((A34-A33)/360) -> 1.0034568 | AA34: =AA33*Z34 -> 100.83657 | AC34: =ROUNDUP( 1000*MAX(0, (AA34/100)*(1-0.011)^(4) -1), 2) -> 0
A35: 41773 | C35: {=IFERROR( INDEX( IR!$B$2:$E2026, MATCH($A35, IR!$A$2:$A2026, 0), MATCH(C$1, IR!$B$1:$E$1, 0) ), "")} -> 0.00263 | D35: {=IFERROR( INDEX( IR!$B$2:$E2026, MATCH($A35, IR!$A$2:$A2026, 0), MATCH(D$1, IR!$B$1:$E$1, 0) ), "")} -> 0.00328 | E35: {=IFERROR( INDEX( IR!$B$2:$E2026, MATCH($A35, IR!$A$2:$A2026, 0), MATCH(E$1, IR!$B$1:$E$1, 0) ), "")} -> 0.00421 | F35: {=IFERROR( INDEX( IR!$B$2:$E2026, MATCH($A35, IR!$A$2:$A2026, 0), MATCH(F$1, IR!$B$1:$E$1, 0) ), "")} -> 0.00596 | H35: {=IFERROR( INDEX( SR!$B$2:$D2026, MATCH($A35, SR!$A$2:$A2026, 0), MATCH(H$1, SR!$B$1:$D$1, 0) ), "")} -> 0.00399 | I35: {=IFERROR( INDEX( SR!$B$2:$D2026, MATCH($A35, SR!$A$2:$A2026, 0), MATCH(I$1, SR!$B$1:$D$1, 0) ), "")} -> 0.00483 | J35: {=IFERROR( INDEX( SR!$B$2:$D2026, MATCH($A35, SR!$A$2:$A2026, 0), MATCH(J$1, SR!$B$1:$D$1, 0) ), "")} -> 0.007876 | L35: 125.06 | M35: 24.24 | N35: 112.92 | O35: 121.65 | P35: 126.56 | Q35: 1360.9043 | S35: =((L35-L34)/L34)*0.1666+((M35-M34)/M34)*0.1666+((N35-N34)/N34)*0.1666+((O35-O34)/O34)*0.1666+((P35-P34)/P34)*0.1666+((Q35-Q34)/Q34)*0.1667 -> 0.0016125483 | T35: =1+S35 -> 1.0016125 | U35: =U34*T35 -> 100.72262 | W35: {=SQRT(252/20) * SQRT( SUMSQ( LN(U14:U33 / U13:U32) ) - (1/20) * ( SUM( LN(U14:U33 / U13:U32) ) ^ 2 ) )} -> 0.021020925 | X35: =MIN(1.5, 0.06/W35) -> 1.5 | Z35: =1+X34*((U35/U34)-1)+(1-X34)*C34*((A35-A34)/360) -> 1.0024151 | AA35: =AA34*Z35 -> 101.0801 | AC35: =ROUNDUP( 1000*MAX(0, (AA35/100)*(1-0.011)^(4) -1), 2) -> 0
A36: 41774 | C36: {=IFERROR( INDEX( IR!$B$2:$E2026, MATCH($A36, IR!$A$2:$A2026, 0), MATCH(C$1, IR!$B$1:$E$1, 0) ), "")} -> 0.00259 | D36: {=IFERROR( INDEX( IR!$B$2:$E2026, MATCH($A36, IR!$A$2:$A2026, 0), MATCH(D$1, IR!$B$1:$E$1, 0) ), "")} -> 0.00321 | E36: {=IFERROR( INDEX( IR!$B$2:$E2026, MATCH($A36, IR!$A$2:$A2026, 0), MATCH(E$1, IR!$B$1:$E$1, 0) ), "")} -> 0.00413 | F36: {=IFERROR( INDEX( IR!$B$2:$E2026, MATCH($A36, IR!$A$2:$A2026, 0), MATCH(F$1, IR!$B$1:$E$1, 0) ), "")} -> 0.00587 | H36: {=IFERROR( INDEX( SR!$B$2:$D2026, MATCH($A36, SR!$A$2:$A2026, 0), MATCH(H$1, SR!$B$1:$D$1, 0) ), "")} -> 0.003875 | I36: {=IFERROR( INDEX( SR!$B$2:$D2026, MATCH($A36, SR!$A$2:$A2026, 0), MATCH(I$1, SR!$B$1:$D$1, 0) ), "")} -> 0.004589 | J36: {=IFERROR( INDEX( SR!$B$2:$D2026, MATCH($A36, SR!$A$2:$A2026, 0), MATCH(J$1, SR!$B$1:$D$1, 0) ), "")} -> 0.007535 | L36: 124.42 | M36: 24.23 | N36: 112.87 | O36: 122.14 | P36: 126.79 | Q36: 1358.2247 | S36: =((L36-L35)/L35)*0.1666+((M36-M35)/M35)*0.1666+((N36-N35)/N35)*0.1666+((O36-O35)/O35)*0.1666+((P36-P35)/P35)*0.1666+((Q36-Q35)/Q35)*0.1667 -> -0.00034948916 | T36: =1+S36 -> 0.99965051 | U36: =U35*T36 -> 100.68742 | W36: {=SQRT(252/20) * SQRT( SUMSQ( LN(U15:U34 / U14:U33) ) - (1/20) * ( SUM( LN(U15:U34 / U14:U33) ) ^ 2 ) )} -> 0.022158172 | X36: =MIN(1.5, 0.06/W36) -> 1.5 | Z36: =1+X35*((U36/U35)-1)+(1-X35)*C35*((A36-A35)/360) -> 0.99947211 | AA36: =AA35*Z36 -> 101.02674 | AC36: =ROUNDUP( 1000*MAX(0, (AA36/100)*(1-0.011)^(4) -1), 2) -> 0
A37: 41775 | C37: {=IFERROR( INDEX( IR!$B$2:$E2026, MATCH($A37, IR!$A$2:$A2026, 0), MATCH(C$1, IR!$B$1:$E$1, 0) ), "")} -> 0.00257 | D37: {=IFERROR( INDEX( IR!$B$2:$E2026, MATCH($A37, IR!$A$2:$A2026, 0), MATCH(D$1, IR!$B$1:$E$1, 0) ), "")} -> 0.00318 | E37: {=IFERROR( INDEX( IR!$B$2:$E2026, MATCH($A37, IR!$A$2:$A2026, 0), MATCH(E$1, IR!$B$1:$E$1, 0) ), "")} -> 0.0041 | F37: {=IFERROR( INDEX( IR!$B$2:$E2026, MATCH($A37, IR!$A$2:$A2026, 0), MATCH(F$1, IR!$B$1:$E$1, 0) ), "")} -> 0.00586 | H37: {=IFERROR( INDEX( SR!$B$2:$D2026, MATCH($A37, SR!$A$2:$A2026, 0), MATCH(H$1, SR!$B$1:$D$1, 0) ), "")} -> 0.0039 | I37: {=IFERROR( INDEX( SR!$B$2:$D2026, MATCH($A37, SR!$A$2:$A2026, 0), MATCH(I$1, SR!$B$1:$D$1, 0) ), "")} -> 0.004775 | J37: {=IFERROR( INDEX( SR!$B$2:$D2026, MATCH($A37, SR!$A$2:$A2026, 0), MATCH(J$1, SR!$B$1:$D$1, 0) ), "")} -> 0.00777 | L37: 124.2 | M37: 24.23 | N37: 112.87 | O37: 122.29 | P37: 126.44 | Q37: 1351.2753 | S37: =((L37-L36)/L36)*0.1666+((M37-M36)/M36)*0.1666+((N37-N36)/N36)*0.1666+((O37-O36)/O36)*0.1666+((P37-P36)/P36)*0.1666+((Q37-Q36)/Q36)*0.1667 -> -0.0014028018 | T37: =1+S37 -> 0.9985972 | U37: =U36*T37 -> 100.54618 | W37: {=SQRT(252/20) * SQRT( SUMSQ( LN(U16:U35 / U15:U34) ) - (1/20) * ( SUM( LN(U16:U35 / U15:U34) ) ^ 2 ) )} -> 0.02149376 | X37: =MIN(1.5, 0.06/W37) -> 1.5 | Z37: =1+X36*((U37/U36)-1)+(1-X36)*C36*((A37-A36)/360) -> 0.9978922 | AA37: =AA36*Z37 -> 100.8138 | AC37: =ROUNDUP( 1000*MAX(0, (AA37/100)*(1-0.011)^(4) -1), 2) -> 0
A38: 41778 | C38: {=IFERROR( INDEX( IR!$B$2:$E2026, MATCH($A38, IR!$A$2:$A2026, 0), MATCH(C$1, IR!$B$1:$E$1, 0) ), "")} -> 0.00257 | D38: {=IFERROR( INDEX( IR!$B$2:$E2026, MATCH($A38, IR!$A$2:$A2026, 0), MATCH(D$1, IR!$B$1:$E$1, 0) ), "")} -> 0.00318 | E38: {=IFERROR( INDEX( IR!$B$2:$E2026, MATCH($A38, IR!$A$2:$A2026, 0), MATCH(E$1, IR!$B$1:$E$1, 0) ), "")} -> 0.00409 | F38: {=IFERROR( INDEX( IR!$B$2:$E2026, MATCH($A38, IR!$A$2:$A2026, 0), MATCH(F$1, IR!$B$1:$E$1, 0) ), "")} -> 0.00586 | H38: {=IFERROR( INDEX( SR!$B$2:$D2026, MATCH($A38, SR!$A$2:$A2026, 0), MATCH(H$1, SR!$B$1:$D$1, 0) ), "")} -> 0.003975 | I38: {=IFERROR( INDEX( SR!$B$2:$D2026, MATCH($A38, SR!$A$2:$A2026, 0), MATCH(I$1, SR!$B$1:$D$1, 0) ), "")} -> 0.004863 | J38: {=IFERROR( INDEX( SR!$B$2:$D2026, MATCH($A38, SR!$A$2:$A2026, 0), MATCH(J$1, SR!$B$1:$D$1, 0) ), "")} -> 0.008031 | L38: 124.32 | M38: 24.23 | N38: 112.92 | O38: 121.83 | P38: 126.64 | Q38: 1349.7965 | S38: =((L38-L37)/L37)*0.1666+((M38-M37)/M37)*0.1666+((N38-N37)/N37)*0.1666+((O38-O37)/O37)*0.1666+((P38-P37)/P37)*0.1666+((Q38-Q37)/Q37)*0.1667 -> -0.00031081427 | T38: =1+S38 -> 0.99968919 | U38: =U37*T38 -> 100.51493 | W38: {=SQRT(252/20) * SQRT( SUMSQ( LN(U17:U36 / U16:U35) ) - (1/20) * ( SUM( LN(U17:U36 / U16:U35) ) ^ 2 ) )} -> 0.019174238 | X38: =MIN(1.5, 0.06/W38) -> 1.5 | Z38: =1+X37*((U38/U37)-1)+(1-X37)*C37*((A38-A37)/360) -> 0.99952307 | AA38: =AA37*Z38 -> 100.76572 | AC38: =ROUNDUP( 1000*MAX(0, (AA38/100)*(1-0.011)^(4) -1), 2) -> 0
A39: 41779 | C39: {=IFERROR( INDEX( IR!$B$2:$E2026, MATCH($A39, IR!$A$2:$A2026, 0), MATCH(C$1, IR!$B$1:$E$1, 0) ), "")} -> 0.00256 | D39: {=IFERROR( INDEX( IR!$B$2:$E2026, MATCH($A39, IR!$A$2:$A2026, 0), MATCH(D$1, IR!$B$1:$E$1, 0) ), "")} -> 0.00318 | E39: {=IFERROR( INDEX( IR!$B$2:$E2026, MATCH($A39, IR!$A$2:$A2026, 0), MATCH(E$1, IR!$B$1:$E$1, 0) ), "")} -> 0.00407 | F39: {=IFERROR( INDEX( IR!$B$2:$E2026, MATCH($A39, IR!$A$2:$A2026, 0), MATCH(F$1, IR!$B$1:$E$1, 0) ), "")} -> 0.00585 | H39: {=IFERROR( INDEX( SR!$B$2:$D2026, MATCH($A39, SR!$A$2:$A2026, 0), MATCH(H$1, SR!$B$1:$D$1, 0) ), "")} -> 0.00387 | I39: {=IFERROR( INDEX( SR!$B$2:$D2026, MATCH($A39, SR!$A$2:$A2026, 0), MATCH(I$1, SR!$B$1:$D$1, 0) ), "")} -> 0.0048 | J39: {=IFERROR( INDEX( SR!$B$2:$D2026, MATCH($A39, SR!$A$2:$A2026, 0), MATCH(J$1, SR!$B$1:$D$1, 0) ), "")} -> 0.00792 | L39: 124.3 | M39: 24.23 | N39: 112.91 | O39: 121.98 | P39: 126.69 | Q39: 1353.4537 | S39: =((L39-L38)/L38)*0.1666+((M39-M38)/M38)*0.1666+((N39-N38)/N38)*0.1666+((O39-O38)/O38)*0.1666+((P39-P38)/P38)*0.1666+((Q39-Q38)/Q38)*0.1667 -> 0.00068100785 | T39: =1+S39 -> 1.000681 | U39: =U38*T39 -> 100.58338 | W39: {=SQRT(252/20) * SQRT( SUMSQ( LN(U18:U37 / U17:U36) ) - (1/20) * ( SUM( LN(U18:U37 / U17:U36) ) ^ 2 ) )} -> 0.020277169 | X39: =MIN(1.5, 0.06/W39) -> 1.5 | Z39: =1+X38*((U39/U38)-1)+(1-X38)*C38*((A39-A38)/360) -> 1.0010179 | AA39: =AA38*Z39 -> 100.86829 | AC39: =ROUNDUP( 1000*MAX(0, (AA39/100)*(1-0.011)^(4) -1), 2) -> 0
A40: 41780 | C40: {=IFERROR( INDEX( IR!$B$2:$E2026, MATCH($A40, IR!$A$2:$A2026, 0), MATCH(C$1, IR!$B$1:$E$1, 0) ), "")} -> 0.00259 | D40: {=IFERROR( INDEX( IR!$B$2:$E2026, MATCH($A40, IR!$A$2:$A2026, 0), MATCH(D$1, IR!$B$1:$E$1, 0) ), "")} -> 0.00319 | E40: {=IFERROR( INDEX( IR!$B$2:$E2026, MATCH($A40, IR!$A$2:$A2026, 0), MATCH(E$1, IR!$B$1:$E$1, 0) ), "")} -> 0.00407 | F40: {=IFERROR( INDEX( IR!$B$2:$E2026, MATCH($A40, IR!$A$2:$A2026, 0), MATCH(F$1, IR!$B$1:$E$1, 0) ), "")} -> 0.00583 | H40: {=IFERROR( INDEX( SR!$B$2:$D2026, MATCH($A40, SR!$A$2:$A2026, 0), MATCH(H$1, SR!$B$1:$D$1, 0) ), "")} -> 0.003895 | I40: {=IFERROR( INDEX( SR!$B$2:$D2026, MATCH($A40, SR!$A$2:$A2026, 0), MATCH(I$1, SR!$B$1:$D$1, 0) ), "")} -> 0.00487 | J40: {=IFERROR( INDEX( SR!$B$2:$D2026, MATCH($A40, SR!$A$2:$A2026, 0), MATCH(J$1, SR!$B$1:$D$1, 0) ), "")} -> 0.008144 | L40: 124.37 | M40: 24.23 | N40: 112.9 | O40: 121.7 | P40: 126.55 | Q40: 1351.072 | S40: =((L40-L39)/L39)*0.1666+((M40-M39)/M39)*0.1666+((N40-N39)/N39)*0.1666+((O40-O39)/O39)*0.1666+((P40-P39)/P39)*0.1666+((Q40-Q39)/Q39)*0.1667 -> -0.00078080537 | T40: =1+S40 -> 0.99921919 | U40: =U39*T40 -> 100.50484 | W40: {=SQRT(252/20) * SQRT( SUMSQ( LN(U19:U38 / U18:U37) ) - (1/20) * ( SUM( LN(U19:U38 / U18:U37) ) ^ 2 ) )} -> 0.020472291 | X40: =MIN(1.5, 0.06/W40) -> 1.5 | Z40: =1+X39*((U40/U39)-1)+(1-X39)*C39*((A40-A39)/360) -> 0.99882524 | AA40: =AA39*Z40 -> 100.7498 | AC40: =ROUNDUP( 1000*MAX(0, (AA40/100)*(1-0.011)^(4) -1), 2) -> 0
A41: 41781 | C41: {=IFERROR( INDEX( IR!$B$2:$E2026, MATCH($A41, IR!$A$2:$A2026, 0), MATCH(C$1, IR!$B$1:$E$1, 0) ), "")} -> 0.00262 | D41: {=IFERROR( INDEX( IR!$B$2:$E2026, MATCH($A41, IR!$A$2:$A2026, 0), MATCH(D$1, IR!$B$1:$E$1, 0) ), "")} -> 0.00318 | E41: {=IFERROR( INDEX( IR!$B$2:$E2026, MATCH($A41, IR!$A$2:$A2026, 0), MATCH(E$1, IR!$B$1:$E$1, 0) ), "")} -> 0.00407 | F41: {=IFERROR( INDEX( IR!$B$2:$E2026, MATCH($A41, IR!$A$2:$A2026, 0), MATCH(F$1, IR!$B$1:$E$1, 0) ), "")} -> 0.00583 | H41: {=IFERROR( INDEX( SR!$B$2:$D2026, MATCH($A41, SR!$A$2:$A2026, 0), MATCH(H$1, SR!$B$1:$D$1, 0) ), "")} -> 0.00383 | I41: {=IFERROR( INDEX( SR!$B$2:$D2026, MATCH($A41, SR!$A$2:$A2026, 0), MATCH(I$1, SR!$B$1:$D$1, 0) ), "")} -> 0.00478 | J41: {=IFERROR( INDEX( SR!$B$2:$D2026, MATCH($A41, SR!$A$2:$A2026, 0), MATCH(J$1, SR!$B$1:$D$1, 0) ), "")} -> 0.007972 | L41: 124.51 | M41: 24.23 | N41: 112.97 | O41: 121.72 | P41: 126.81 | Q41: 1353.8273 | S41: =((L41-L40)/L40)*0.1666+((M41-M40)/M40)*0.1666+((N41-N40)/N40)*0.1666+((O41-O40)/O40)*0.1666+((P41-P40)/P40)*0.1666+((Q41-Q40)/Q40)*0.1667 -> 0.0010004532 | T41: =1+S41 -> 1.0010005 | U41: =U40*T41 -> 100.60539 | W41: {=SQRT(252/20) * SQRT( SUMSQ( LN(U20:U39 / U19:U38) ) - (1/20) * ( SUM( LN(U20:U39 / U19:U38) ) ^ 2 ) )} -> 0.019285976 | X41: =MIN(1.5, 0.06/W41) -> 1.5 | Z41: =1+X40*((U41/U40)-1)+(1-X40)*C40*((A41-A40)/360) -> 1.0014971 | AA41: =AA40*Z41 -> 100.90063 | AC41: =ROUNDUP( 1000*MAX(0, (AA41/100)*(1-0.011)^(4) -1), 2) -> 0
A42: 41782 | C42: {=IFERROR( INDEX( IR!$B$2:$E2026, MATCH($A42, IR!$A$2:$A2026, 0), MATCH(C$1, IR!$B$1:$E$1, 0) ), "")} -> 0.00261 | D42: {=IFERROR( INDEX( IR!$B$2:$E2026, MATCH($A42, IR!$A$2:$A2026, 0), MATCH(D$1, IR!$B$1:$E$1, 0) ), "")} -> 0.00317 | E42: {=IFERROR( INDEX( IR!$B$2:$E2026, MATCH($A42, IR!$A$2:$A2026, 0), MATCH(E$1, IR!$B$1:$E$1, 0) ), "")} -> 0.00406 | F42: {=IFERROR( INDEX( IR!$B$2:$E2026, MATCH($A42, IR!$A$2:$A2026, 0), MATCH(F$1, IR!$B$1:$E$1, 0) ), "")} -> 0.00578 | H42: {=IFERROR( INDEX( SR!$B$2:$D2026, MATCH($A42, SR!$A$2:$A2026, 0), MATCH(H$1, SR!$B$1:$D$1, 0) ), "")} -> 0.00376 | I42: {=IFERROR( INDEX( SR!$B$2:$D2026, MATCH($A42, SR!$A$2:$A2026, 0), MATCH(I$1, SR!$B$1:$D$1, 0) ), "")} -> 0.004741 | J42: {=IFERROR( INDEX( SR!$B$2:$D2026, MATCH($A42, SR!$A$2:$A2026, 0), MATCH(J$1, SR!$B$1:$D$1, 0) ), "")} -> 0.007989 | L42: 124.72 | M42: 24.24 | N42: 113 | O42: 122.13 | P42: 126.93 | Q42: 1357.1563 | S42: =((L42-L41)/L41)*0.1666+((M42-M41)/M41)*0.1666+((N42-N41)/N41)*0.1666+((O42-O41)/O41)*0.1666+((P42-P41)/P41)*0.1666+((Q42-Q41)/Q41)*0.1667 -> 0.0015227232 | T42: =1+S42 -> 1.0015227 | U42: =U41*T42 -> 100.75859 | W42: {=SQRT(252/20) * SQRT( SUMSQ( LN(U21:U40 / U20:U39) ) - (1/20) * ( SUM( LN(U21:U40 / U20:U39) ) ^ 2 ) )} -> 0.01908256 | X42: =MIN(1.5, 0.06/W42) -> 1.5 | Z42: =1+X41*((U42/U41)-1)+(1-X41)*C41*((A42-A41)/360) -> 1.0022804 | AA42: =AA41*Z42 -> 101.13073 | AC42: =ROUNDUP( 1000*MAX(0, (AA42/100)*(1-0.011)^(4) -1), 2) -> 0
A43: 41785 | C43: {=IFERROR( INDEX( IR!$B$2:$E2026, MATCH($A43, IR!$A$2:$A2026, 0), MATCH(C$1, IR!$B$1:$E$1, 0) ), "")} -> 0.00258 | D43: {=IFERROR( INDEX( IR!$B$2:$E2026, MATCH($A43, IR!$A$2:$A2026, 0), MATCH(D$1, IR!$B$1:$E$1, 0) ), "")} -> 0.00317 | E43: {=IFERROR( INDEX( IR!$B$2:$E2026, MATCH($A43, IR!$A$2:$A2026, 0), MATCH(E$1, IR!$B$1:$E$1, 0) ), "")} -> 0.00404 | F43: {=IFERROR( INDEX( IR!$B$2:$E2026, MATCH($A43, IR!$A$2:$A2026, 0), MATCH(F$1, IR!$B$1:$E$1, 0) ), "")} -> 0.00576 | H43: {=IFERROR( INDEX( SR!$B$2:$D2026, MATCH($A43, SR!$A$2:$A2026, 0), MATCH(H$1, SR!$B$1:$D$1, 0) ), "")} -> 0.00363 | I43: {=IFERROR( INDEX( SR!$B$2:$D2026, MATCH($A43, SR!$A$2:$A2026, 0), MATCH(I$1, SR!$B$1:$D$1, 0) ), "")} -> 0.0046 | J43: {=IFERROR( INDEX( SR!$B$2:$D2026, MATCH($A43, SR!$A$2:$A2026, 0), MATCH(J$1, SR!$B$1:$D$1, 0) ), "")} -> 0.00793 | L43: 125.01 | M43: 24.24 | N43: 113.03 | O43: 122.27 | P43: 127.23 | Q43: 1360.5593 | S43: =((L43-L42)/L42)*0.1666+((M43-M42)/M42)*0.1666+((N43-N42)/N42)*0.1666+((O43-O42)/O42)*0.1666+((P43-P42)/P42)*0.1666+((Q43-Q42)/Q42)*0.1667 -> 0.0014343387 | T43: =1+S43 -> 1.0014343 | U43: =U42*T43 -> 100.90311 | W43: {=SQRT(252/20) * SQRT( SUMSQ( LN(U22:U41 / U21:U40) ) - (1/20) * ( SUM( LN(U22:U41 / U21:U40) ) ^ 2 ) )} -> 0.018498305 | X43: =MIN(1.5, 0.06/W43) -> 1.5 | Z43: =1+X42*((U43/U42)-1)+(1-X42)*C42*((A43-A42)/360) -> 1.0021406 | AA43: =AA42*Z43 -> 101.34721 | AC43: =ROUNDUP( 1000*MAX(0, (AA43/100)*(1-0.011)^(4) -1), 2) -> 0
A44: 41786 | C44: {=IFERROR( INDEX( IR!$B$2:$E2026, MATCH($A44, IR!$A$2:$A2026, 0), MATCH(C$1, IR!$B$1:$E$1, 0) ), "")} -> 0.00257 | D44: {=IFERROR( INDEX( IR!$B$2:$E2026, MATCH($A44, IR!$A$2:$A2026, 0), MATCH(D$1, IR!$B$1:$E$1, 0) ), "")} -> 0.00316 | E44: {=IFERROR( INDEX( IR!$B$2:$E2026, MATCH($A44, IR!$A$2:$A2026, 0), MATCH(E$1, IR!$B$1:$E$1, 0) ), "")} -> 0.004 | F44: {=IFERROR( INDEX( IR!$B$2:$E2026, MATCH($A44, IR!$A$2:$A2026, 0), MATCH(F$1, IR!$B$1:$E$1, 0) ), "")} -> 0.00573 | H44: {=IFERROR( INDEX( SR!$B$2:$D2026, MATCH($A44, SR!$A$2:$A2026, 0), MATCH(H$1, SR!$B$1:$D$1, 0) ), "")} -> 0.00368 | I44: {=IFERROR( INDEX( SR!$B$2:$D2026, MATCH($A44, SR!$A$2:$A2026, 0), MATCH(I$1, SR!$B$1:$D$1, 0) ), "")} -> 0.00452 | J44: {=IFERROR( INDEX( SR!$B$2:$D2026, MATCH($A44, SR!$A$2:$A2026, 0), MATCH(J$1, SR!$B$1:$D$1, 0) ), "")} -> 0.007629 | L44: 125.11 | M44: 24.26 | N44: 113.1 | O44: 122.91 | P44: 127.22 | Q44: 1362.8768 | S44: =((L44-L43)/L43)*0.1666+((M44-M43)/M43)*0.1666+((N44-N43)/N43)*0.1666+((O44-O43)/O43)*0.1666+((P44-P43)/P43)*0.1666+((Q44-Q43)/Q43)*0.1667 -> 0.0015167945 | T44: =1+S44 -> 1.0015168 | U44: =U43*T44 -> 101.05616 | W44: {=SQRT(252/20) * SQRT( SUMSQ( LN(U23:U42 / U22:U41) ) - (1/20) * ( SUM( LN(U23:U42 / U22:U41) ) ^ 2 ) )} -> 0.018775232 | X44: =MIN(1.5, 0.06/W44) -> 1.5 | Z44: =1+X43*((U44/U43)-1)+(1-X43)*C43*((A44-A43)/360) -> 1.0022716 | AA44: =AA43*Z44 -> 101.57743 | AC44: =ROUNDUP( 1000*MAX(0, (AA44/100)*(1-0.011)^(4) -1), 2) -> 0
A45: 41787 | C45: {=IFERROR( INDEX( IR!$B$2:$E2026, MATCH($A45, IR!$A$2:$A2026, 0), MATCH(C$1, IR!$B$1:$E$1, 0) ), "")} -> 0.00255 | D45: {=IFERROR( INDEX( IR!$B$2:$E2026, MATCH($A45, IR!$A$2:$A2026, 0), MATCH(D$1, IR!$B$1:$E$1, 0) ), "")} -> 0.00314 | E45: {=IFERROR( INDEX( IR!$B$2:$E2026, MATCH($A45, IR!$A$2:$A2026, 0), MATCH(E$1, IR!$B$1:$E$1, 0) ), "")} -> 0.00399 | F45: {=IFERROR( INDEX( IR!$B$2:$E2026, MATCH($A45, IR!$A$2:$A2026, 0), MATCH(F$1, IR!$B$1:$E$1, 0) ), "")} -> 0.00574 | H45: {=IFERROR( INDEX( SR!$B$2:$D2026, MATCH($A45, SR!$A$2:$A2026, 0), MATCH(H$1, SR!$B$1:$D$1, 0) ), "")} -> 0.00364 | I45: {=IFERROR( INDEX( SR!$B$2:$D2026, MATCH($A45, SR!$A$2:$A2026, 0), MATCH(I$1, SR!$B$1:$D$1, 0) ), "")} -> 0.004445 | J45: {=IFERROR( INDEX( SR!$B$2:$D2026, MATCH($A45, SR!$A$2:$A2026, 0), MATCH(J$1, SR!$B$1:$D$1, 0) ), "")} -> 0.007384 | L45: 125.17 | M45: 24.26 | N45: 113.11 | O45: 123.4 | P45: 127.53 | Q45: 1366.8575 | S45: =((L45-L44)/L44)*0.1666+((M45-M44)/M44)*0.1666+((N45-N44)/N44)*0.1666+((O45-O44)/O44)*0.1666+((P45-P44)/P44)*0.1666+((Q45-Q44)/Q44)*0.1667 -> 0.0016516618 | T45: =1+S45 -> 1.0016517 | U45: =U44*T45 -> 101.22307 | W45: {=SQRT(252/20) * SQRT( SUMSQ( LN(U24:U43 / U23:U42) ) - (1/20) * ( SUM( LN(U24:U43 / U23:U42) ) ^ 2 ) )} -> 0.018862762 | X45: =MIN(1.5, 0.06/W45) -> 1.5 | Z45: =1+X44*((U45/U44)-1)+(1-X44)*C44*((A45-A44)/360) -> 1.0024739 | AA45: =AA44*Z45 -> 101.82873 | AC45: =ROUNDUP( 1000*MAX(0, (AA45/100)*(1-0.011)^(4) -1), 2) -> 0
A46: 41789 | C46: {=IFERROR( INDEX( IR!$B$2:$E2026, MATCH($A46, IR!$A$2:$A2026, 0), MATCH(C$1, IR!$B$1:$E$1, 0) ), "")} -> 0.00251 | D46: {=IFERROR( INDEX( IR!$B$2:$E2026, MATCH($A46, IR!$A$2:$A2026, 0), MATCH(D$1, IR!$B$1:$E$1, 0) ), "")} -> 0.00311 | E46: {=IFERROR( INDEX( IR!$B$2:$E2026, MATCH($A46, IR!$A$2:$A2026, 0), MATCH(E$1, IR!$B$1:$E$1, 0) ), "")} -> 0.00397 | F46: {=IFERROR( INDEX( IR!$B$2:$E2026, MATCH($A46, IR!$A$2:$A2026, 0), MATCH(F$1, IR!$B$1:$E$1, 0) ), "")} -> 0.00572 | H46: {=IFERROR( INDEX( SR!$B$2:$D2026, MATCH($A46, SR!$A$2:$A2026, 0), MATCH(H$1, SR!$B$1:$D$1, 0) ), "")} -> 0.0037 | I46: {=IFERROR( INDEX( SR!$B$2:$D2026, MATCH($A46, SR!$A$2:$A2026, 0), MATCH(I$1, SR!$B$1:$D$1, 0) ), "")} -> 0.00458 | J46: {=IFERROR( INDEX( SR!$B$2:$D2026, MATCH($A46, SR!$A$2:$A2026, 0), MATCH(J$1, SR!$B$1:$D$1, 0) ), "")} -> 0.00762 | L46: 125.29 | M46: 24.26 | N46: 113.12 | O46: 123.84 | P46: 127.78 | Q46: 1368.9015 | S46: =((L46-L45)/L45)*0.1666+((M46-M45)/M45)*0.1666+((N46-N45)/N45)*0.1666+((O46-O45)/O45)*0.1666+((P46-P45)/P45)*0.1666+((Q46-Q45)/Q45)*0.1667 -> 0.0013443566 | T46: =1+S46 -> 1.0013444 | U46: =U45*T46 -> 101.35915 | W46: {=SQRT(252/20) * SQRT( SUMSQ( LN(U25:U44 / U24:U43) ) - (1/20) * ( SUM( LN(U25:U44 / U24:U43) ) ^ 2 ) )} -> 0.017336111 | X46: =MIN(1.5, 0.06/W46) -> 1.5 | Z46: =1+X45*((U46/U45)-1)+(1-X45)*C45*((A46-A45)/360) -> 1.0020095 | AA46: =AA45*Z46 -> 102.03335 | AC46: =ROUNDUP( 1000*MAX(0, (AA46/100)*(1-0.011)^(4) -1), 2) -> 0
A47: 41792 | C47: {=IFERROR( INDEX( IR!$B$2:$E2026, MATCH($A47, IR!$A$2:$A2026, 0), MATCH(C$1, IR!$B$1:$E$1, 0) ), "")} -> 0.0025 | D47: {=IFERROR( INDEX( IR!$B$2:$E2026, MATCH($A47, IR!$A$2:$A2026, 0), MATCH(D$1, IR!$B$1:$E$1, 0) ), "")} -> 0.00309 | E47: {=IFERROR( INDEX( IR!$B$2:$E2026, MATCH($A47, IR!$A$2:$A2026, 0), MATCH(E$1, IR!$B$1:$E$1, 0) ), "")} -> 0.00394 | F47: {=IFERROR( INDEX( IR!$B$2:$E2026, MATCH($A47, IR!$A$2:$A2026, 0), MATCH(F$1, IR!$B$1:$E$1, 0) ), "")} -> 0.00569 | H47: {=IFERROR( INDEX( SR!$B$2:$D2026, MATCH($A47, SR!$A$2:$A2026, 0), MATCH(H$1, SR!$B$1:$D$1, 0) ), "")} -> 0.00364 | I47: {=IFERROR( INDEX( SR!$B$2:$D2026, MATCH($A47, SR!$A$2:$A2026, 0), MATCH(I$1, SR!$B$1:$D$1, 0) ), "")} -> 0.004517 | J47: {=IFERROR( INDEX( SR!$B$2:$D2026, MATCH($A47, SR!$A$2:$A2026, 0), MATCH(J$1, SR!$B$1:$D$1, 0) ), "")} -> 0.007575 | L47: 125.45 | M47: 24.26 | N47: 113.2 | O47: 123.68 | P47: 127.54 | Q47: 1368.6277 | S47: =((L47-L46)/L46)*0.1666+((M47-M46)/M46)*0.1666+((N47-N46)/N46)*0.1666+((O47-O46)/O46)*0.1666+((P47-P46)/P46)*0.1666+((Q47-Q46)/Q46)*0.1667 -> -0.0002309245 | T47: =1+S47 -> 0.99976908 | U47: =U46*T47 -> 101.33574 | W47: {=SQRT(252/20) * SQRT( SUMSQ( LN(U26:U45 / U25:U44) ) - (1/20) * ( SUM( LN(U26:U45 / U25:U44) ) ^ 2 ) )} -> 0.017624945 | X47: =MIN(1.5, 0.06/W47) -> 1.5 | Z47: =1+X46*((U47/U46)-1)+(1-X46)*C46*((A47-A46)/360) -> 0.99964315 | AA47: =AA46*Z47 -> 101.99694 | AC47: =ROUNDUP( 1000*MAX(0, (AA47/100)*(1-0.011)^(4) -1), 2) -> 0
A48: 41793 | C48: {=IFERROR( INDEX( IR!$B$2:$E2026, MATCH($A48, IR!$A$2:$A2026, 0), MATCH(C$1, IR!$B$1:$E$1, 0) ), "")} -> 0.00248 | D48: {=IFERROR( INDEX( IR!$B$2:$E2026, MATCH($A48, IR!$A$2:$A2026, 0), MATCH(D$1, IR!$B$1:$E$1, 0) ), "")} -> 0.00307 | E48: {=IFERROR( INDEX( IR!$B$2:$E2026, MATCH($A48, IR!$A$2:$A2026, 0), MATCH(E$1, IR!$B$1:$E$1, 0) ), "")} -> 0.00391 | F48: {=IFERROR( INDEX( IR!$B$2:$E2026, MATCH($A48, IR!$A$2:$A2026, 0), MATCH(F$1, IR!$B$1:$E$1, 0) ), "")} -> 0.00567 | H48: {=IFERROR( INDEX( SR!$B$2:$D2026, MATCH($A48, SR!$A$2:$A2026, 0), MATCH(H$1, SR!$B$1:$D$1, 0) ), "")} -> 0.00361 | I48: {=IFERROR( INDEX( SR!$B$2:$D2026, MATCH($A48, SR!$A$2:$A2026, 0), MATCH(I$1, SR!$B$1:$D$1, 0) ), "")} -> 0.004584 | J48: {=IFERROR( INDEX( SR!$B$2:$D2026, MATCH($A48, SR!$A$2:$A2026, 0), MATCH(J$1, SR!$B$1:$D$1, 0) ), "")} -> 0.00785 | L48: 125.22 | M48: 24.25 | N48: 113.21 | O48: 123.78 | P48: 127.63 | Q48: 1369.6202 | S48: =((L48-L47)/L47)*0.1666+((M48-M47)/M47)*0.1666+((N48-N47)/N47)*0.1666+((O48-O47)/O47)*0.1666+((P48-P47)/P47)*0.1666+((Q48-Q47)/Q47)*0.1667 -> 1.3753109e-05 | T48: =1+S48 -> 1.0000138 | U48: =U47*T48 -> 101.33714 | W48: {=SQRT(252/20) * SQRT( SUMSQ( LN(U27:U46 / U26:U45) ) - (1/20) * ( SUM( LN(U27:U46 / U26:U45) ) ^ 2 ) )} -> 0.017161109 | X48: =MIN(1.5, 0.06/W48) -> 1.5 | Z48: =1+X47*((U48/U47)-1)+(1-X47)*C47*((A48-A47)/360) -> 1.0000172 | AA48: =AA47*Z48 -> 101.99869 | AC48: =ROUNDUP( 1000*MAX(0, (AA48/100)*(1-0.011)^(4) -1), 2) -> 0
A49: 41794 | C49: {=IFERROR( INDEX( IR!$B$2:$E2026, MATCH($A49, IR!$A$2:$A2026, 0), MATCH(C$1, IR!$B$1:$E$1, 0) ), "")} -> 0.00241 | D49: {=IFERROR( INDEX( IR!$B$2:$E2026, MATCH($A49, IR!$A$2:$A2026, 0), MATCH(D$1, IR!$B$1:$E$1, 0) ), "")} -> 0.00301 | E49: {=IFERROR( INDEX( IR!$B$2:$E2026, MATCH($A49, IR!$A$2:$A2026, 0), MATCH(E$1, IR!$B$1:$E$1, 0) ), "")} -> 0.00386 | F49: {=IFERROR( INDEX( IR!$B$2:$E2026, MATCH($A49, IR!$A$2:$A2026, 0), MATCH(F$1, IR!$B$1:$E$1, 0) ), "")} -> 0.00562 | H49: {=IFERROR( INDEX( SR!$B$2:$D2026, MATCH($A49, SR!$A$2:$A2026, 0), MATCH(H$1, SR!$B$1:$D$1, 0) ), "")} -> 0.00345 | I49: {=IFERROR( INDEX( SR!$B$2:$D2026, MATCH($A49, SR!$A$2:$A2026, 0), MATCH(I$1, SR!$B$1:$D$1, 0) ), "")} -> 0.00451 | J49: {=IFERROR( INDEX( SR!$B$2:$D2026, MATCH($A49, SR!$A$2:$A2026, 0), MATCH(J$1, SR!$B$1:$D$1, 0) ), "")} -> 0.00786 | L49: 125.17 | M49: 24.25 | N49: 113.26 | O49: 123.05 | P49: 127.38 | Q49: 1367.5316 | S49: =((L49-L48)/L48)*0.1666+((M49-M48)/M48)*0.1666+((N49-N48)/N48)*0.1666+((O49-O48)/O48)*0.1666+((P49-P48)/P48)*0.1666+((Q49-Q48)/Q48)*0.1667 -> -0.0015560192 | T49: =1+S49 -> 0.99844398 | U49: =U48*T49 -> 101.17945 | W49: {=SQRT(252/20) * SQRT( SUMSQ( LN(U28:U47 / U27:U46) ) - (1/20) * ( SUM( LN(U28:U47 / U27:U46) ) ^ 2 ) )} -> 0.01741256 | X49: =MIN(1.5, 0.06/W49) -> 1.5 | Z49: =1+X48*((U49/U48)-1)+(1-X48)*C48*((A49-A48)/360) -> 0.99766253 | AA49: =AA48*Z49 -> 101.76027 | AC49: =ROUNDUP( 1000*MAX(0, (AA49/100)*(1-0.011)^(4) -1), 2) -> 0
A50: 41795 | C50: {=IFERROR( INDEX( IR!$B$2:$E2026, MATCH($A50, IR!$A$2:$A2026, 0), MATCH(C$1, IR!$B$1:$E$1, 0) ), "")} -> 0.0023 | D50: {=IFERROR( INDEX( IR!$B$2:$E2026, MATCH($A50, IR!$A$2:$A2026, 0), MATCH(D$1, IR!$B$1:$E$1, 0) ), "")} -> 0.00292 | E50: {=IFERROR( INDEX( IR!$B$2:$E2026, MATCH($A50, IR!$A$2:$A2026, 0), MATCH(E$1, IR!$B$1:$E$1, 0) ), "")} -> 0.00376 | F50: {=IFERROR( INDEX( IR!$B$2:$E2026, MATCH($A50, IR!$A$2:$A2026, 0), MATCH(F$1, IR!$B$1:$E$1, 0) ), "")} -> 0.00552 | H50: {=IFERROR( INDEX( SR!$B$2:$D2026, MATCH($A50, SR!$A$2:$A2026, 0), MATCH(H$1, SR!$B$1:$D$1, 0) ), "")} -> 0.00345 | I50: {=IFERROR( INDEX( SR!$B$2:$D2026, MATCH($A50, SR!$A$2:$A2026, 0), MATCH(I$1, SR!$B$1:$D$1, 0) ), "")} -> 0.00428 | J50: {=IFERROR( INDEX( SR!$B$2:$D2026, MATCH($A50, SR!$A$2:$A2026, 0), MATCH(J$1, SR!$B$1:$D$1, 0) ), "")} -> 0.00732 | L50: 125.47 | M50: 24.27 | N50: 113.31 | O50: 122.83 | P50: 127.39 | Q50: 1367.7891 | S50: =((L50-L49)/L49)*0.1666+((M50-M49)/M49)*0.1666+((N50-N49)/N49)*0.1666+((O50-O49)/O49)*0.1666+((P50-P49)/P49)*0.1666+((Q50-Q49)/Q49)*0.1667 -> 0.00035685178 | T50: =1+S50 -> 1.0003569 | U50: =U49*T50 -> 101.21556 | W50: {=SQRT(252/20) * SQRT( SUMSQ( LN(U29:U48 / U28:U47) ) - (1/20) * ( SUM( LN(U29:U48 / U28:U47) ) ^ 2 ) )} -> 0.017499098 | X50: =MIN(1.5, 0.06/W50) -> 1.5 | Z50: =1+X49*((U50/U49)-1)+(1-X49)*C49*((A50-A49)/360) -> 1.0005319 | AA50: =AA49*Z50 -> 101.8144 | AC50: =ROUNDUP( 1000*MAX(0, (AA50/100)*(1-0.011)^(4) -1), 2) -> 0
A51: 41796 | C51: {=IFERROR( INDEX( IR!$B$2:$E2026, MATCH($A51, IR!$A$2:$A2026, 0), MATCH(C$1, IR!$B$1:$E$1, 0) ), "")} -> 0.00197 | D51: {=IFERROR( INDEX( IR!$B$2:$E2026, MATCH($A51, IR!$A$2:$A2026, 0), MATCH(D$1, IR!$B$1:$E$1, 0) ), "")} -> 0.00267 | E51: {=IFERROR( INDEX( IR!$B$2:$E2026, MATCH($A51, IR!$A$2:$A2026, 0), MATCH(E$1, IR!$B$1:$E$1, 0) ), "")} -> 0.00357 | F51: {=IFERROR( INDEX( IR!$B$2:$E2026, MATCH($A51, IR!$A$2:$A2026, 0), MATCH(F$1, IR!$B$1:$E$1, 0) ), "")} -> 0.00533 | H51: {=IFERROR( INDEX( SR!$B$2:$D2026, MATCH($A51, SR!$A$2:$A2026, 0), MATCH(H$1, SR!$B$1:$D$1, 0) ), "")} -> 0.003465 | I51: {=IFERROR( INDEX( SR!$B$2:$D2026, MATCH($A51, SR!$A$2:$A2026, 0), MATCH(I$1, SR!$B$1:$D$1, 0) ), "")} -> 0.00413 | J51: {=IFERROR( INDEX( SR!$B$2:$D2026, MATCH($A51, SR!$A$2:$A2026, 0), MATCH(J$1, SR!$B$1:$D$1, 0) ), "")} -> 0.006908 | L51: 126.04 | M51: 24.28 | N51: 113.36 | O51: 123.24 | P51: 127.71 | Q51: 1370.3061 | S51: =((L51-L50)/L50)*0.1666+((M51-M50)/M50)*0.1666+((N51-N50)/N50)*0.1666+((O51-O50)/O50)*0.1666+((P51-P50)/P50)*0.1666+((Q51-Q50)/Q50)*0.1667 -> 0.0021803668 | T51: =1+S51 -> 1.0021804 | U51: =U50*T51 -> 101.43625 | W51: {=SQRT(252/20) * SQRT( SUMSQ( LN(U30:U49 / U29:U48) ) - (1/20) * ( SUM( LN(U30:U49 / U29:U48) ) ^ 2 ) )} -> 0.018787883 | X51: =MIN(1.5, 0.06/W51) -> 1.5 | Z51: =1+X50*((U51/U50)-1)+(1-X50)*C50*((A51-A50)/360) -> 1.0032674 | AA51: =AA50*Z51 -> 102.14706 | AC51: =ROUNDUP( 1000*MAX(0, (AA51/100)*(1-0.011)^(4) -1), 2) -> 0
A52: 41800 | C52: {=IFERROR( INDEX( IR!$B$2:$E2026, MATCH($A52, IR!$A$2:$A2026, 0), MATCH(C$1, IR!$B$1:$E$1, 0) ), "")} -> 0.00188 | D52: {=IFERROR( INDEX( IR!$B$2:$E2026, MATCH($A52, IR!$A$2:$A2026, 0), MATCH(D$1, IR!$B$1:$E$1, 0) ), "")} -> 0.00263 | E52: {=IFERROR( INDEX( IR!$B$2:$E2026, MATCH($A52, IR!$A$2:$A2026, 0), MATCH(E$1, IR!$B$1:$E$1, 0) ), "")} -> 0.00353 | F52: {=IFERROR( INDEX( IR!$B$2:$E2026, MATCH($A52, IR!$A$2:$A2026, 0), MATCH(F$1, IR!$B$1:$E$1, 0) ), "")} -> 0.00528 | H52: {=IFERROR( INDEX( SR!$B$2:$D2026, MATCH($A52, SR!$A$2:$A2026, 0), MATCH(H$1, SR!$B$1:$D$1, 0) ), "")} -> 0.003505 | I52: {=IFERROR( INDEX( SR!$B$2:$D2026, MATCH($A52, SR!$A$2:$A2026, 0), MATCH(I$1, SR!$B$1:$D$1, 0) ), "")} -> 0.004207 | J52: {=IFERROR( INDEX( SR!$B$2:$D2026, MATCH($A52, SR!$A$2:$A2026, 0), MATCH(J$1, SR!$B$1:$D$1, 0) ), "")} -> 0.007295 | L52: 126.14 | M52: 24.31 | N52: 113.45 | O52: 124.05 | P52: 128.31 | Q52: 1374.2749 | S52: =((L52-L51)/L51)*0.1666+((M52-M51)/M51)*0.1666+((N52-N51)/N51)*0.1666+((O52-O51)/O51)*0.1666+((P52-P51)/P51)*0.1666+((Q52-Q51)/Q51)*0.1667 -> 0.0028308049 | T52: =1+S52 -> 1.0028308 | U52: =U51*T52 -> 101.72339 | W52: {=SQRT(252/20) * SQRT( SUMSQ( LN(U31:U50 / U30:U49) ) - (1/20) * ( SUM( LN(U31:U50 / U30:U49) ) ^ 2 ) )} -> 0.017811938 | X52: =MIN(1.5, 0.06/W52) -> 1.5 | Z52: =1+X51*((U52/U51)-1)+(1-X51)*C51*((A52-A51)/360) -> 1.0042353 | AA52: =AA51*Z52 -> 102.57968 | AC52: =ROUNDUP( 1000*MAX(0, (AA52/100)*(1-0.011)^(4) -1), 2) -> 0
A53: 41801 | C53: {=IFERROR( INDEX( IR!$B$2:$E2026, MATCH($A53, IR!$A$2:$A2026, 0), MATCH(C$1, IR!$B$1:$E$1, 0) ), "")} -> 0.00179 | D53: {=IFERROR( INDEX( IR!$B$2:$E2026, MATCH($A53, IR!$A$2:$A2026, 0), MATCH(D$1, IR!$B$1:$E$1, 0) ), "")} -> 0.00258 | E53: {=IFERROR( INDEX( IR!$B$2:$E2026, MATCH($A53, IR!$A$2:$A2026, 0), MATCH(E$1, IR!$B$1:$E$1, 0) ), "")} -> 0.00348 | F53: {=IFERROR( INDEX( IR!$B$2:$E2026, MATCH($A53, IR!$A$2:$A2026, 0), MATCH(F$1, IR!$B$1:$E$1, 0) ), "")} -> 0.00525 | H53: {=IFERROR( INDEX( SR!$B$2:$D2026, MATCH($A53, SR!$A$2:$A2026, 0), MATCH(H$1, SR!$B$1:$D$1, 0) ), "")} -> 0.003325 | I53: {=IFERROR( INDEX( SR!$B$2:$D2026, MATCH($A53, SR!$A$2:$A2026, 0), MATCH(I$1, SR!$B$1:$D$1, 0) ), "")} -> 0.004103 | J53: {=IFERROR( INDEX( SR!$B$2:$D2026, MATCH($A53, SR!$A$2:$A2026, 0), MATCH(J$1, SR!$B$1:$D$1, 0) ), "")} -> 0.00723 | L53: 125.85 | M53: 24.31 | N53: 113.46 | O53: 123.72 | P53: 128.51 | Q53: 1375.0469 | S53: =((L53-L52)/L52)*0.1666+((M53-M52)/M52)*0.1666+((N53-N52)/N52)*0.1666+((O53-O52)/O52)*0.1666+((P53-P52)/P52)*0.1666+((Q53-Q52)/Q52)*0.1667 -> -0.00045819881 | T53: =1+S53 -> 0.9995418 | U53: =U52*T53 -> 101.67678 | W53: {=SQRT(252/20) * SQRT( SUMSQ( LN(U32:U51 / U31:U50) ) - (1/20) * ( SUM( LN(U32:U51 / U31:U50) ) ^ 2 ) )} -> 0.018612327 | X53: =MIN(1.5, 0.06/W53) -> 1.5 | Z53: =1+X52*((U53/U52)-1)+(1-X52)*C52*((A53-A52)/360) -> 0.99931009 | AA53: =AA52*Z53 -> 102.50891 | AC53: =ROUNDUP( 1000*MAX(0, (AA53/100)*(1-0.011)^(4) -1), 2) -> 0
A54: 41802 | C54: {=IFERROR( INDEX( IR!$B$2:$E2026, MATCH($A54, IR!$A$2:$A2026, 0), MATCH(C$1, IR!$B$1:$E$1, 0) ), "")} -> 0.00156 | D54: {=IFERROR( INDEX( IR!$B$2:$E2026, MATCH($A54, IR!$A$2:$A2026, 0), MATCH(D$1, IR!$B$1:$E$1, 0) ), "")} -> 0.00242 | E54: {=IFERROR( INDEX( IR!$B$2:$E2026, MATCH($A54, IR!$A$2:$A2026, 0), MATCH(E$1, IR!$B$1:$E$1, 0) ), "")} -> 0.00333 | F54: {=IFERROR( INDEX( IR!$B$2:$E2026, MATCH($A54, IR!$A$2:$A2026, 0), MATCH(F$1, IR!$B$1:$E$1, 0) ), "")} -> 0.00511 | H54: {=IFERROR( INDEX( SR!$B$2:$D2026, MATCH($A54, SR!$A$2:$A2026, 0), MATCH(H$1, SR!$B$1:$D$1, 0) ), "")} -> 0.00323 | I54: {=IFERROR( INDEX( SR!$B$2:$D2026, MATCH($A54, SR!$A$2:$A2026, 0), MATCH(I$1, SR!$B$1:$D$1, 0) ), "")} -> 0.00398 | J54: {=IFERROR( INDEX( SR!$B$2:$D2026, MATCH($A54, SR!$A$2:$A2026, 0), MATCH(J$1, SR!$B$1:$D$1, 0) ), "")} -> 0.006919 | L54: 125.9 | M54: 24.32 | N54: 113.47 | O54: 123.44 | P54: 128.16 | Q54: 1372.3231 | S54: =((L54-L53)/L53)*0.1666+((M54-M53)/M53)*0.1666+((N54-N53)/N53)*0.1666+((O54-O53)/O53)*0.1666+((P54-P53)/P53)*0.1666+((Q54-Q53)/Q53)*0.1667 -> -0.0010115913 | T54: =1+S54 -> 0.99898841 | U54: =U53*T54 -> 101.57393 | W54: {=SQRT(252/20) * SQRT( SUMSQ( LN(U33:U52 / U32:U51) ) - (1/20) * ( SUM( LN(U33:U52 / U32:U51) ) ^ 2 ) )} -> 0.019067948 | X54: =MIN(1.5, 0.06/W54) -> 1.5 | Z54: =1+X53*((U54/U53)-1)+(1-X53)*C53*((A54-A53)/360) -> 0.99848013 | AA54: =AA53*Z54 -> 102.35311 | AC54: =ROUNDUP( 1000*MAX(0, (AA54/100)*(1-0.011)^(4) -1), 2) -> 0
A55: 41803 | C55: {=IFERROR( INDEX( IR!$B$2:$E2026, MATCH($A55, IR!$A$2:$A2026, 0), MATCH(C$1, IR!$B$1:$E$1, 0) ), "")} -> 0.0014 | D55: {=IFERROR( INDEX( IR!$B$2:$E2026, MATCH($A55, IR!$A$2:$A2026, 0), MATCH(D$1, IR!$B$1:$E$1, 0) ), "")} -> 0.00234 | E55: {=IFERROR( INDEX( IR!$B$2:$E2026, MATCH($A55, IR!$A$2:$A2026, 0), MATCH(E$1, IR!$B$1:$E$1, 0) ), "")} -> 0.00326 | F55: {=IFERROR( INDEX( IR!$B$2:$E2026, MATCH($A55, IR!$A$2:$A2026, 0), MATCH(F$1, IR!$B$1:$E$1, 0) ), "")} -> 0.00507 | H55: {=IFERROR( INDEX( SR!$B$2:$D2026, MATCH($A55, SR!$A$2:$A2026, 0), MATCH(H$1, SR!$B$1:$D$1, 0) ), "")} -> 0.00317 | I55: {=IFERROR( INDEX( SR!$B$2:$D2026, MATCH($A55, SR!$A$2:$A2026, 0), MATCH(I$1, SR!$B$1:$D$1, 0) ), "")} -> 0.00399 | J55: {=IFERROR( INDEX( SR!$B$2:$D2026, MATCH($A55, SR!$A$2:$A2026, 0), MATCH(J$1, SR!$B$1:$D$1, 0) ), "")} -> 0.006985 | L55: 125.66 | M55: 24.33 | N55: 113.5 | O55: 123.54 | P55: 128.11 | Q55: 1369.8057 | S55: =((L55-L54)/L54)*0.1666+((M55-M54)/M54)*0.1666+((N55-N54)/N54)*0.1666+((O55-O54)/O54)*0.1666+((P55-P54)/P54)*0.1666+((Q55-Q54)/Q54)*0.1667 -> -0.00044086349 | T55: =1+S55 -> 0.99955914 | U55: =U54*T55 -> 101.52915 | W55: {=SQRT(252/20) * SQRT( SUMSQ( LN(U34:U53 / U33:U52) ) - (1/20) * ( SUM( LN(U34:U53 / U33:U52) ) ^ 2 ) )} -> 0.019445871 | X55: =MIN(1.5, 0.06/W55) -> 1.5 | Z55: =1+X54*((U55/U54)-1)+(1-X54)*C54*((A55-A54)/360) -> 0.99933654 | AA55: =AA54*Z55 -> 102.2852 | AC55: =ROUNDUP( 1000*MAX(0, (AA55/100)*(1-0.011)^(4) -1), 2) -> 0
A56: 41806 | C56: {=IFERROR( INDEX( IR!$B$2:$E2026, MATCH($A56, IR!$A$2:$A2026, 0), MATCH(C$1, IR!$B$1:$E$1, 0) ), "")} -> 0.00126 | D56: {=IFERROR( INDEX( IR!$B$2:$E2026, MATCH($A56, IR!$A$2:$A2026, 0), MATCH(D$1, IR!$B$1:$E$1, 0) ), "")} -> 0.00223 | E56: {=IFERROR( INDEX( IR!$B$2:$E2026, MATCH($A56, IR!$A$2:$A2026, 0), MATCH(E$1, IR!$B$1:$E$1, 0) ), "")} -> 0.00316 | F56: {=IFERROR( INDEX( IR!$B$2:$E2026, MATCH($A56, IR!$A$2:$A2026, 0), MATCH(F$1, IR!$B$1:$E$1, 0) ), "")} -> 0.00496 | H56: {=IFERROR( INDEX( SR!$B$2:$D2026, MATCH($A56, SR!$A$2:$A2026, 0), MATCH(H$1, SR!$B$1:$D$1, 0) ), "")} -> 0.003163 | I56: {=IFERROR( INDEX( SR!$B$2:$D2026, MATCH($A56, SR!$A$2:$A2026, 0), MATCH(I$1, SR!$B$1:$D$1, 0) ), "")} -> 0.003955 | J56: {=IFERROR( INDEX( SR!$B$2:$D2026, MATCH($A56, SR!$A$2:$A2026, 0), MATCH(J$1, SR!$B$1:$D$1, 0) ), "")} -> 0.006961 | L56: 125.44 | M56: 24.32 | N56: 113.48 | O56: 123.59 | P56: 128.52 | Q56: 1367.9768 | S56: =((L56-L55)/L55)*0.1666+((M56-M55)/M55)*0.1666+((N56-N55)/N55)*0.1666+((O56-O55)/O55)*0.1666+((P56-P55)/P55)*0.1666+((Q56-Q55)/Q55)*0.1667 -> -1.146792e-05 | T56: =1+S56 -> 0.99998853 | U56: =U55*T56 -> 101.52798 | W56: {=SQRT(252/20) * SQRT( SUMSQ( LN(U35:U54 / U34:U53) ) - (1/20) * ( SUM( LN(U35:U54 / U34:U53) ) ^ 2 ) )} -> 0.019312524 | X56: =MIN(1.5, 0.06/W56) -> 1.5 | Z56: =1+X55*((U56/U55)-1)+(1-X55)*C55*((A56-A55)/360) -> 0.99997696 | AA56: =AA55*Z56 -> 102.28284 | AC56: =ROUNDUP( 1000*MAX(0, (AA56/100)*(1-0.011)^(4) -1), 2) -> 0
A57: 41807 | C57: {=IFERROR( INDEX( IR!$B$2:$E2026, MATCH($A57, IR!$A$2:$A2026, 0), MATCH(C$1, IR!$B$1:$E$1, 0) ), "")} -> 0.00119 | D57: {=IFERROR( INDEX( IR!$B$2:$E2026, MATCH($A57, IR!$A$2:$A2026, 0), MATCH(D$1, IR!$B$1:$E$1, 0) ), "")} -> 0.00217 | E57: {=IFERROR( INDEX( IR!$B$2:$E2026, MATCH($A57, IR!$A$2:$A2026, 0), MATCH(E$1, IR!$B$1:$E$1, 0) ), "")} -> 0.00312 | F57: {=IFERROR( INDEX( IR!$B$2:$E2026, MATCH($A57, IR!$A$2:$A2026, 0), MATCH(F$1, IR!$B$1:$E$1, 0) ), "")} -> 0.00491 | H57: {=IFERROR( INDEX( SR!$B$2:$D2026, MATCH($A57, SR!$A$2:$A2026, 0), MATCH(H$1, SR!$B$1:$D$1, 0) ), "")} -> 0.003255 | I57: {=IFERROR( INDEX( SR!$B$2:$D2026, MATCH($A57, SR!$A$2:$A2026, 0), MATCH(I$1, SR!$B$1:$D$1, 0) ), "")} -> 0.004129 | J57: {=IFERROR( INDEX( SR!$B$2:$D2026, MATCH($A57, SR!$A$2:$A2026, 0), MATCH(J$1, SR!$B$1:$D$1, 0) ), "")} -> 0.007283 | L57: 125.38 | M57: 24.32 | N57: 113.47 | O57: 123.65 | P57: 128.27 | Q57: 1367.907 | S57: =((L57-L56)/L56)*0.1666+((M57-M56)/M56)*0.1666+((N57-N56)/N56)*0.1666+((O57-O56)/O56)*0.1666+((P57-P56)/P56)*0.1666+((Q57-Q56)/Q56)*0.1667 -> -0.00034606799 | T57: =1+S57 -> 0.99965393 | U57: =U56*T57 -> 101.49285 | W57: {=SQRT(252/20) * SQRT( SUMSQ( LN(U36:U55 / U35:U54) ) - (1/20) * ( SUM( LN(U36:U55 / U35:U54) ) ^ 2 ) )} -> 0.019130828 | X57: =MIN(1.5, 0.06/W57) -> 1.5 | Z57: =1+X56*((U57/U56)-1)+(1-X56)*C56*((A57-A56)/360) -> 0.99947915 | AA57: =AA56*Z57 -> 102.22957 | AC57: =ROUNDUP( 1000*MAX(0, (AA57/100)*(1-0.011)^(4) -1), 2) -> 0
A58: 41808 | C58: {=IFERROR( INDEX( IR!$B$2:$E2026, MATCH($A58, IR!$A$2:$A2026, 0), MATCH(C$1, IR!$B$1:$E$1, 0) ), "")} -> 0.00113 | D58: {=IFERROR( INDEX( IR!$B$2:$E2026, MATCH($A58, IR!$A$2:$A2026, 0), MATCH(D$1, IR!$B$1:$E$1, 0) ), "")} -> 0.00216 | E58: {=IFERROR( INDEX( IR!$B$2:$E2026, MATCH($A58, IR!$A$2:$A2026, 0), MATCH(E$1, IR!$B$1:$E$1, 0) ), "")} -> 0.00309 | F58: {=IFERROR( INDEX( IR!$B$2:$E2026, MATCH($A58, IR!$A$2:$A2026, 0), MATCH(F$1, IR!$B$1:$E$1, 0) ), "")} -> 0.0049 | H58: {=IFERROR( INDEX( SR!$B$2:$D2026, MATCH($A58, SR!$A$2:$A2026, 0), MATCH(H$1, SR!$B$1:$D$1, 0) ), "")} -> 0.00326 | I58: {=IFERROR( INDEX( SR!$B$2:$D2026, MATCH($A58, SR!$A$2:$A2026, 0), MATCH(I$1, SR!$B$1:$D$1, 0) ), "")} -> 0.004025 | J58: {=IFERROR( INDEX( SR!$B$2:$D2026, MATCH($A58, SR!$A$2:$A2026, 0), MATCH(J$1, SR!$B$1:$D$1, 0) ), "")} -> 0.007045 | L58: 125.41 | M58: 24.3 | N58: 113.46 | O58: 123.22 | P58: 128.47 | Q58: 1369.7599 | S58: =((L58-L57)/L57)*0.1666+((M58-M57)/M57)*0.1666+((N58-N57)/N57)*0.1666+((O58-O57)/O57)*0.1666+((P58-P57)/P57)*0.1666+((Q58-Q57)/Q57)*0.1667 -> -0.00020561892 | T58: =1+S58 -> 0.99979438 | U58: =U57*T58 -> 101.47198 | W58: {=SQRT(252/20) * SQRT( SUMSQ( LN(U37:U56 / U36:U55) ) - (1/20) * ( SUM( LN(U37:U56 / U36:U55) ) ^ 2 ) )} -> 0.018999507 | X58: =MIN(1.5, 0.06/W58) -> 1.5 | Z58: =1+X57*((U58/U57)-1)+(1-X57)*C57*((A58-A57)/360) -> 0.99968992 | AA58: =AA57*Z58 -> 102.19787 | AC58: =ROUNDUP( 1000*MAX(0, (AA58/100)*(1-0.011)^(4) -1), 2) -> 0
A59: 41809 | C59: {=IFERROR( INDEX( IR!$B$2:$E2026, MATCH($A59, IR!$A$2:$A2026, 0), MATCH(C$1, IR!$B$1:$E$1, 0) ), "")} -> 0.00109 | D59: {=IFERROR( INDEX( IR!$B$2:$E2026, MATCH($A59, IR!$A$2:$A2026, 0), MATCH(D$1, IR!$B$1:$E$1, 0) ), "")} -> 0.00212 | E59: {=IFERROR( INDEX( IR!$B$2:$E2026, MATCH($A59, IR!$A$2:$A2026, 0), MATCH(E$1, IR!$B$1:$E$1, 0) ), "")} -> 0.00306 | F59: {=IFERROR( INDEX( IR!$B$2:$E2026, MATCH($A59, IR!$A$2:$A2026, 0), MATCH(F$1, IR!$B$1:$E$1, 0) ), "")} -> 0.00489 | H59: {=IFERROR( INDEX( SR!$B$2:$D2026, MATCH($A59, SR!$A$2:$A2026, 0), MATCH(H$1, SR!$B$1:$D$1, 0) ), "")} -> 0.003205 | I59: {=IFERROR( INDEX( SR!$B$2:$D2026, MATCH($A59, SR!$A$2:$A2026, 0), MATCH(I$1, SR!$B$1:$D$1, 0) ), "")} -> 0.00395 | J59: {=IFERROR( INDEX( SR!$B$2:$D2026, MATCH($A59, SR!$A$2:$A2026, 0), MATCH(J$1, SR!$B$1:$D$1, 0) ), "")} -> 0.00683 | L59: 125.68 | M59: 24.3 | N59: 113.5 | O59: 123.61 | P59: 128.53 | Q59: 1371.9008 | S59: =((L59-L58)/L58)*0.1666+((M59-M58)/M58)*0.1666+((N59-N58)/N58)*0.1666+((O59-O58)/O58)*0.1666+((P59-P58)/P58)*0.1666+((Q59-Q58)/Q58)*0.1667 -> 0.0012830706 | T59: =1+S59 -> 1.0012831 | U59: =U58*T59 -> 101.60218 | W59: {=SQRT(252/20) * SQRT( SUMSQ( LN(U38:U57 / U37:U56) ) - (1/20) * ( SUM( LN(U38:U57 / U37:U56) ) ^ 2 ) )} -> 0.01805207 | X59: =MIN(1.5, 0.06/W59) -> 1.5 | Z59: =1+X58*((U59/U58)-1)+(1-X58)*C58*((A59-A58)/360) -> 1.001923 | AA59: =AA58*Z59 -> 102.3944 | AC59: =ROUNDUP( 1000*MAX(0, (AA59/100)*(1-0.011)^(4) -1), 2) -> 0
A60: 41810 | C60: {=IFERROR( INDEX( IR!$B$2:$E2026, MATCH($A60, IR!$A$2:$A2026, 0), MATCH(C$1, IR!$B$1:$E$1, 0) ), "")} -> 0.00108 | D60: {=IFERROR( INDEX( IR!$B$2:$E2026, MATCH($A60, IR!$A$2:$A2026, 0), MATCH(D$1, IR!$B$1:$E$1, 0) ), "")} -> 0.00212 | E60: {=IFERROR( INDEX( IR!$B$2:$E2026, MATCH($A60, IR!$A$2:$A2026, 0), MATCH(E$1, IR!$B$1:$E$1, 0) ), "")} -> 0.00306 | F60: {=IFERROR( INDEX( IR!$B$2:$E2026, MATCH($A60, IR!$A$2:$A2026, 0), MATCH(F$1, IR!$B$1:$E$1, 0) ), "")} -> 0.00489 | H60: {=IFERROR( INDEX( SR!$B$2:$D2026, MATCH($A60, SR!$A$2:$A2026, 0), MATCH(H$1, SR!$B$1:$D$1, 0) ), "")} -> 0.00325 | I60: {=IFERROR( INDEX( SR!$B$2:$D2026, MATCH($A60, SR!$A$2:$A2026, 0), MATCH(I$1, SR!$B$1:$D$1, 0) ), "")} -> 0.004035 | J60: {=IFERROR( INDEX( SR!$B$2:$D2026, MATCH($A60, SR!$A$2:$A2026, 0), MATCH(J$1, SR!$B$1:$D$1, 0) ), "")} -> 0.00694 | L60: 125.74 | M60: 24.31 | N60: 113.53 | O60: 124.55 | P60: 128.68 | Q60: 1374.1379 | S60: =((L60-L59)/L59)*0.1666+((M60-M59)/M59)*0.1666+((N60-N59)/N59)*0.1666+((O60-O59)/O59)*0.1666+((P60-P59)/P59)*0.1666+((Q60-Q59)/Q59)*0.1667 -> 0.0019253103 | T60: =1+S60 -> 1.0019253 | U60: =U59*T60 -> 101.79779 | W60: {=SQRT(252/20) * SQRT( SUMSQ( LN(U39:U58 / U38:U57) ) - (1/20) * ( SUM( LN(U39:U58 / U38:U57) ) ^ 2 ) )} -> 0.017998418 | X60: =MIN(1.5, 0.06/W60) -> 1.5 | Z60: =1+X59*((U60/U59)-1)+(1-X59)*C59*((A60-A59)/360) -> 1.0028865 | AA60: =AA59*Z60 -> 102.68996 | AC60: =ROUNDUP( 1000*MAX(0, (AA60/100)*(1-0.011)^(4) -1), 2) -> 0
A61: 41814 | C61: {=IFERROR( INDEX( IR!$B$2:$E2026, MATCH($A61, IR!$A$2:$A2026, 0), MATCH(C$1, IR!$B$1:$E$1, 0) ), "")} -> 0.00104 | D61: {=IFERROR( INDEX( IR!$B$2:$E2026, MATCH($A61, IR!$A$2:$A2026, 0), MATCH(D$1, IR!$B$1:$E$1, 0) ), "")} -> 0.00211 | E61: {=IFERROR( INDEX( IR!$B$2:$E2026, MATCH($A61, IR!$A$2:$A2026, 0), MATCH(E$1, IR!$B$1:$E$1, 0) ), "")} -> 0.00306 | F61: {=IFERROR( INDEX( IR!$B$2:$E2026, MATCH($A61, IR!$A$2:$A2026, 0), MATCH(F$1, IR!$B$1:$E$1, 0) ), "")} -> 0.00489 | H61: {=IFERROR( INDEX( SR!$B$2:$D2026, MATCH($A61, SR!$A$2:$A2026, 0), MATCH(H$1, SR!$B$1:$D$1, 0) ), "")} -> 0.00322 | I61: {=IFERROR( INDEX( SR!$B$2:$D2026, MATCH($A61, SR!$A$2:$A2026, 0), MATCH(I$1, SR!$B$1:$D$1, 0) ), "")} -> 0.003985 | J61: {=IFERROR( INDEX( SR!$B$2:$D2026, MATCH($A61, SR!$A$2:$A2026, 0), MATCH(J$1, SR!$B$1:$D$1, 0) ), "")} -> 0.00684 | L61: 125.54 | M61: 24.31 | N61: 113.26 | O61: 124.24 | P61: 128.65 | Q61: 1372.898 | S61: =((L61-L60)/L60)*0.1666+((M61-M60)/M60)*0.1666+((N61-N60)/N60)*0.1666+((O61-O60)/O60)*0.1666+((P61-P60)/P60)*0.1666+((Q61-Q60)/Q60)*0.1667 -> -0.0012651203 | T61: =1+S61 -> 0.99873488 | U61: =U60*T61 -> 101.669 | W61: {=SQRT(252/20) * SQRT( SUMSQ( LN(U40:U59 / U39:U58) ) - (1/20) * ( SUM( LN(U40:U59 / U39:U58) ) ^ 2 ) )} -> 0.018204676 | X61: =MIN(1.5, 0.06/W61) -> 1.5 | Z61: =1+X60*((U61/U60)-1)+(1-X60)*C60*((A61-A60)/360) -> 0.99809632 | AA61: =AA60*Z61 -> 102.49447 | AC61: =ROUNDUP( 1000*MAX(0, (AA61/100)*(1-0.011)^(4) -1), 2) -> 0
A62: 41815 | C62: {=IFERROR( INDEX( IR!$B$2:$E2026, MATCH($A62, IR!$A$2:$A2026, 0), MATCH(C$1, IR!$B$1:$E$1, 0) ), "")} -> 0.00103 | D62: {=IFERROR( INDEX( IR!$B$2:$E2026, MATCH($A62, IR!$A$2:$A2026, 0), MATCH(D$1, IR!$B$1:$E$1, 0) ), "")} -> 0.00208 | E62: {=IFERROR( INDEX( IR!$B$2:$E2026, MATCH($A62, IR!$A$2:$A2026, 0), MATCH(E$1, IR!$B$1:$E$1, 0) ), "")} -> 0.00306 | F62: {=IFERROR( INDEX( IR!$B$2:$E2026, MATCH($A62, IR!$A$2:$A2026, 0), MATCH(F$1, IR!$B$1:$E$1, 0) ), "")} -> 0.00487 | H62: {=IFERROR( INDEX( SR!$B$2:$D2026, MATCH($A62, SR!$A$2:$A2026, 0), MATCH(H$1, SR!$B$1:$D$1, 0) ), "")} -> 0.00317 | I62: {=IFERROR( INDEX( SR!$B$2:$D2026, MATCH($A62, SR!$A$2:$A2026, 0), MATCH(I$1, SR!$B$1:$D$1, 0) ), "")} -> 0.0039 | J62: {=IFERROR( INDEX( SR!$B$2:$D2026, MATCH($A62, SR!$A$2:$A2026, 0), MATCH(J$1, SR!$B$1:$D$1, 0) ), "")} -> 0.006573 | L62: 125.32 | M62: 24.3 | N62: 113.27 | O62: 124.22 | P62: 128.43 | Q62: 1364.4117 | S62: =((L62-L61)/L61)*0.1666+((M62-M61)/M61)*0.1666+((N62-N61)/N61)*0.1666+((O62-O61)/O61)*0.1666+((P62-P61)/P61)*0.1666+((Q62-Q61)/Q61)*0.1667 -> -0.0016879162 | T62: =1+S62 -> 0.99831208 | U62: =U61*T62 -> 101.4974 | W62: {=SQRT(252/20) * SQRT( SUMSQ( LN(U41:U60 / U40:U59) ) - (1/20) * ( SUM( LN(U41:U60 / U40:U59) ) ^ 2 ) )} -> 0.018204047 | X62: =MIN(1.5, 0.06/W62) -> 1.5 | Z62: =1+X61*((U62/U61)-1)+(1-X61)*C61*((A62-A61)/360) -> 0.99746668 | AA62: =AA61*Z62 -> 102.23482 | AC62: =ROUNDUP( 1000*MAX(0, (AA62/100)*(1-0.011)^(4) -1), 2) -> 0
A63: 41816 | C63: {=IFERROR( INDEX( IR!$B$2:$E2026, MATCH($A63, IR!$A$2:$A2026, 0), MATCH(C$1, IR!$B$1:$E$1, 0) ), "")} -> 0.00103 | D63: {=IFERROR( INDEX( IR!$B$2:$E2026, MATCH($A63, IR!$A$2:$A2026, 0), MATCH(D$1, IR!$B$1:$E$1, 0) ), "")} -> 0.00209 | E63: {=IFERROR( INDEX( IR!$B$2:$E2026, MATCH($A63, IR!$A$2:$A2026, 0), MATCH(E$1, IR!$B$1:$E$1, 0) ), "")} -> 0.00305 | F63: {=IFERROR( INDEX( IR!$B$2:$E2026, MATCH($A63, IR!$A$2:$A2026, 0), MATCH(F$1, IR!$B$1:$E$1, 0) ), "")} -> 0.00488 | H63: {=IFERROR( INDEX( SR!$B$2:$D2026, MATCH($A63, SR!$A$2:$A2026, 0), MATCH(H$1, SR!$B$1:$D$1, 0) ), "")} -> 0.00315 | I63: {=IFERROR( INDEX( SR!$B$2:$D2026, MATCH($A63, SR!$A$2:$A2026, 0), MATCH(I$1, SR!$B$1:$D$1, 0) ), "")} -> 0.00389 | J63: {=IFERROR( INDEX( SR!$B$2:$D2026, MATCH($A63, SR!$A$2:$A2026, 0), MATCH(J$1, SR!$B$1:$D$1, 0) ), "")} -> 0.00651 | L63: 125.34 | M63: 24.32 | N63: 113.26 | O63: 124.46 | P63: 128.28 | Q63: 1364.3383 | S63: =((L63-L62)/L62)*0.1666+((M63-M62)/M62)*0.1666+((N63-N62)/N62)*0.1666+((O63-O62)/O62)*0.1666+((P63-P62)/P62)*0.1666+((Q63-Q62)/Q62)*0.1667 -> 0.00026733108 | T63: =1+S63 -> 1.0002673 | U63: =U62*T63 -> 101.52453 | W63: {=SQRT(252/20) * SQRT( SUMSQ( LN(U42:U61 / U41:U60) ) - (1/20) * ( SUM( LN(U42:U61 / U41:U60) ) ^ 2 ) )} -> 0.019293528 | X63: =MIN(1.5, 0.06/W63) -> 1.5 | Z63: =1+X62*((U63/U62)-1)+(1-X62)*C62*((A63-A62)/360) -> 1.0003996 | AA63: =AA62*Z63 -> 102.27567 | AC63: =ROUNDUP( 1000*MAX(0, (AA63/100)*(1-0.011)^(4) -1), 2) -> 0
A64: 41817 | C64: {=IFERROR( INDEX( IR!$B$2:$E2026, MATCH($A64, IR!$A$2:$A2026, 0), MATCH(C$1, IR!$B$1:$E$1, 0) ), "")} -> 0.00101 | D64: {=IFERROR( INDEX( IR!$B$2:$E2026, MATCH($A64, IR!$A$2:$A2026, 0), MATCH(D$1, IR!$B$1:$E$1, 0) ), "")} -> 0.00207 | E64: {=IFERROR( INDEX( IR!$B$2:$E2026, MATCH($A64, IR!$A$2:$A2026, 0), MATCH(E$1, IR!$B$1:$E$1, 0) ), "")} -> 0.00303 | F64: {=IFERROR( INDEX( IR!$B$2:$E2026, MATCH($A64, IR!$A$2:$A2026, 0), MATCH(F$1, IR!$B$1:$E$1, 0) ), "")} -> 0.00488 | H64: {=IFERROR( INDEX( SR!$B$2:$D2026, MATCH($A64, SR!$A$2:$A2026, 0), MATCH(H$1, SR!$B$1:$D$1, 0) ), "")} -> 0.0032 | I64: {=IFERROR( INDEX( SR!$B$2:$D2026, MATCH($A64, SR!$A$2:$A2026, 0), MATCH(I$1, SR!$B$1:$D$1, 0) ), "")} -> 0.00398 | J64: {=IFERROR( INDEX( SR!$B$2:$D2026, MATCH($A64, SR!$A$2:$A2026, 0), MATCH(J$1, SR!$B$1:$D$1, 0) ), "")} -> 0.00673 | L64: 125.36 | M64: 24.31 | N64: 113.26 | O64: 124.3 | P64: 128.41 | Q64: 1370.6856 | S64: =((L64-L63)/L63)*0.1666+((M64-M63)/M63)*0.1666+((N64-N63)/N63)*0.1666+((O64-O63)/O63)*0.1666+((P64-P63)/P63)*0.1666+((Q64-Q63)/Q63)*0.1667 -> 0.00068827803 | T64: =1+S64 -> 1.0006883 | U64: =U63*T64 -> 101.59441 | W64: {=SQRT(252/20) * SQRT( SUMSQ( LN(U43:U62 / U42:U61) ) - (1/20) * ( SUM( LN(U43:U62 / U42:U61) ) ^ 2 ) )} -> 0.02037352 | X64: =MIN(1.5, 0.06/W64) -> 1.5 | Z64: =1+X63*((U64/U63)-1)+(1-X63)*C63*((A64-A63)/360) -> 1.001031 | AA64: =AA63*Z64 -> 102.38111 | AC64: =ROUNDUP( 1000*MAX(0, (AA64/100)*(1-0.011)^(4) -1), 2) -> 0
A65: 41820 | C65: {=IFERROR( INDEX( IR!$B$2:$E2026, MATCH($A65, IR!$A$2:$A2026, 0), MATCH(C$1, IR!$B$1:$E$1, 0) ), "")} -> 0.00099 | D65: {=IFERROR( INDEX( IR!$B$2:$E2026, MATCH($A65, IR!$A$2:$A2026, 0), MATCH(D$1, IR!$B$1:$E$1, 0) ), "")} -> 0.00207 | E65: {=IFERROR( INDEX( IR!$B$2:$E2026, MATCH($A65, IR!$A$2:$A2026, 0), MATCH(E$1, IR!$B$1:$E$1, 0) ), "")} -> 0.00303 | F65: {=IFERROR( INDEX( IR!$B$2:$E2026, MATCH($A65, IR!$A$2:$A2026, 0), MATCH(F$1, IR!$B$1:$E$1, 0) ), "")} -> 0.00488 | H65: {=IFERROR( INDEX( SR!$B$2:$D2026, MATCH($A65, SR!$A$2:$A2026, 0), MATCH(H$1, SR!$B$1:$D$1, 0) ), "")} -> 0.00311 | I65: {=IFERROR( INDEX( SR!$B$2:$D2026, MATCH($A65, SR!$A$2:$A2026, 0), MATCH(I$1, SR!$B$1:$D$1, 0) ), "")} -> 0.003855 | J65: {=IFERROR( INDEX( SR!$B$2:$D2026, MATCH($A65, SR!$A$2:$A2026, 0), MATCH(J$1, SR!$B$1:$D$1, 0) ), "")} -> 0.006542 | L65: 125.26 | M65: 24.29 | N65: 113.25 | O65: 124.2 | P65: 128.27 | Q65: 1372.424 | S65: =((L65-L64)/L64)*0.1666+((M65-M64)/M64)*0.1666+((N65-N64)/N64)*0.1666+((O65-O64)/O64)*0.1666+((P65-P64)/P64)*0.1666+((Q65-Q64)/Q64)*0.1667 -> -0.00038891655 | T65: =1+S65 -> 0.99961108 | U65: =U64*T65 -> 101.55489 | W65: {=SQRT(252/20) * SQRT( SUMSQ( LN(U44:U63 / U43:U62) ) - (1/20) * ( SUM( LN(U44:U63 / U43:U62) ) ^ 2 ) )} -> 0.019999305 | X65: =MIN(1.5, 0.06/W65) -> 1.5 | Z65: =1+X64*((U65/U64)-1)+(1-X64)*C64*((A65-A64)/360) -> 0.99941242 | AA65: =AA64*Z65 -> 102.32095 | AC65: =ROUNDUP( 1000*MAX(0, (AA65/100)*(1-0.011)^(4) -1), 2) -> 0
A66: 41821 | C66: {=IFERROR( INDEX( IR!$B$2:$E2026, MATCH($A66, IR!$A$2:$A2026, 0), MATCH(C$1, IR!$B$1:$E$1, 0) ), "")} -> 0.00098 | D66: {=IFERROR( INDEX( IR!$B$2:$E2026, MATCH($A66, IR!$A$2:$A2026, 0), MATCH(D$1, IR!$B$1:$E$1, 0) ), "")} -> 0.00206 | E66: {=IFERROR( INDEX( IR!$B$2:$E2026, MATCH($A66, IR!$A$2:$A2026, 0), MATCH(E$1, IR!$B$1:$E$1, 0) ), "")} -> 0.00302 | F66: {=IFERROR( INDEX( IR!$B$2:$E2026, MATCH($A66, IR!$A$2:$A2026, 0), MATCH(F$1, IR!$B$1:$E$1, 0) ), "")} -> 0.00488 | H66: {=IFERROR( INDEX( SR!$B$2:$D2026, MATCH($A66, SR!$A$2:$A2026, 0), MATCH(H$1, SR!$B$1:$D$1, 0) ), "")} -> 0.00307 | I66: {=IFERROR( INDEX( SR!$B$2:$D2026, MATCH($A66, SR!$A$2:$A2026, 0), MATCH(I$1, SR!$B$1:$D$1, 0) ), "")} -> 0.003802 | J66: {=IFERROR( INDEX( SR!$B$2:$D2026, MATCH($A66, SR!$A$2:$A2026, 0), MATCH(J$1, SR!$B$1:$D$1, 0) ), "")} -> 0.006512 | L66: 125.41 | M66: 24.31 | N66: 113.29 | O66: 124.48 | P66: 128.17 | Q66: 1373.6166 | S66: =((L66-L65)/L65)*0.1666+((M66-M65)/M65)*0.1666+((N66-N65)/N65)*0.1666+((O66-O65)/O65)*0.1666+((P66-P65)/P65)*0.1666+((Q66-Q65)/Q65)*0.1667 -> 0.00078608744 | T66: =1+S66 -> 1.0007861 | U66: =U65*T66 -> 101.63473 | W66: {=SQRT(252/20) * SQRT( SUMSQ( LN(U45:U64 / U44:U63) ) - (1/20) * ( SUM( LN(U45:U64 / U44:U63) ) ^ 2 ) )} -> 0.019569452 | X66: =MIN(1.5, 0.06/W66) -> 1.5 | Z66: =1+X65*((U66/U65)-1)+(1-X65)*C65*((A66-A65)/360) -> 1.0011778 | AA66: =AA65*Z66 -> 102.44146 | AC66: =ROUNDUP( 1000*MAX(0, (AA66/100)*(1-0.011)^(4) -1), 2) -> 0
A67: 41822 | C67: {=IFERROR( INDEX( IR!$B$2:$E2026, MATCH($A67, IR!$A$2:$A2026, 0), MATCH(C$1, IR!$B$1:$E$1, 0) ), "")} -> 0.00096 | D67: {=IFERROR( INDEX( IR!$B$2:$E2026, MATCH($A67, IR!$A$2:$A2026, 0), MATCH(D$1, IR!$B$1:$E$1, 0) ), "")} -> 0.00205 | E67: {=IFERROR( INDEX( IR!$B$2:$E2026, MATCH($A67, IR!$A$2:$A2026, 0), MATCH(E$1, IR!$B$1:$E$1, 0) ), "")} -> 0.00303 | F67: {=IFERROR( INDEX( IR!$B$2:$E2026, MATCH($A67, IR!$A$2:$A2026, 0), MATCH(F$1, IR!$B$1:$E$1, 0) ), "")} -> 0.00487 | H67: {=IFERROR( INDEX( SR!$B$2:$D2026, MATCH($A67, SR!$A$2:$A2026, 0), MATCH(H$1, SR!$B$1:$D$1, 0) ), "")} -> 0.00318 | I67: {=IFERROR( INDEX( SR!$B$2:$D2026, MATCH($A67, SR!$A$2:$A2026, 0), MATCH(I$1, SR!$B$1:$D$1, 0) ), "")} -> 0.00393 | J67: {=IFERROR( INDEX( SR!$B$2:$D2026, MATCH($A67, SR!$A$2:$A2026, 0), MATCH(J$1, SR!$B$1:$D$1, 0) ), "")} -> 0.00677 | L67: 125.54 | M67: 24.3 | N67: 113.32 | O67: 124.72 | P67: 128.66 | Q67: 1377.1649 | S67: =((L67-L66)/L66)*0.1666+((M67-M66)/M66)*0.1666+((N67-N66)/N66)*0.1666+((O67-O66)/O66)*0.1666+((P67-P66)/P66)*0.1666+((Q67-Q66)/Q66)*0.1667 -> 0.0015370271 | T67: =1+S67 -> 1.001537 | U67: =U66*T67 -> 101.79094 | W67: {=SQRT(252/20) * SQRT( SUMSQ( LN(U46:U65 / U45:U64) ) - (1/20) * ( SUM( LN(U46:U65 / U45:U64) ) ^ 2 ) )} -> 0.01901535 | X67: =MIN(1.5, 0.06/W67) -> 1.5 | Z67: =1+X66*((U67/U66)-1)+(1-X66)*C66*((A67-A66)/360) -> 1.0023042 | AA67: =AA66*Z67 -> 102.67751 | AC67: =ROUNDUP( 1000*MAX(0, (AA67/100)*(1-0.011)^(4) -1), 2) -> 0
A68: 41823 | C68: {=IFERROR( INDEX( IR!$B$2:$E2026, MATCH($A68, IR!$A$2:$A2026, 0), MATCH(C$1, IR!$B$1:$E$1, 0) ), "")} -> 0.00097 | D68: {=IFERROR( INDEX( IR!$B$2:$E2026, MATCH($A68, IR!$A$2:$A2026, 0), MATCH(D$1, IR!$B$1:$E$1, 0) ), "")} -> 0.00206 | E68: {=IFERROR( INDEX( IR!$B$2:$E2026, MATCH($A68, IR!$A$2:$A2026, 0), MATCH(E$1, IR!$B$1:$E$1, 0) ), "")} -> 0.00303 | F68: {=IFERROR( INDEX( IR!$B$2:$E2026, MATCH($A68, IR!$A$2:$A2026, 0), MATCH(F$1, IR!$B$1:$E$1, 0) ), "")} -> 0.00488 | H68: {=IFERROR( INDEX( SR!$B$2:$D2026, MATCH($A68, SR!$A$2:$A2026, 0), MATCH(H$1, SR!$B$1:$D$1, 0) ), "")} -> 0.00313 | I68: {=IFERROR( INDEX( SR!$B$2:$D2026, MATCH($A68, SR!$A$2:$A2026, 0), MATCH(I$1, SR!$B$1:$D$1, 0) ), "")} -> 0.003936 | J68: {=IFERROR( INDEX( SR!$B$2:$D2026, MATCH($A68, SR!$A$2:$A2026, 0), MATCH(J$1, SR!$B$1:$D$1, 0) ), "")} -> 0.00679 | L68: 125.66 | M68: 24.3 | N68: 113.35 | O68: 124.49 | P68: 128.57 | Q68: 1379.3488 | S68: =((L68-L67)/L67)*0.1666+((M68-M67)/M67)*0.1666+((N68-N67)/N67)*0.1666+((O68-O67)/O67)*0.1666+((P68-P67)/P67)*0.1666+((Q68-Q67)/Q67)*0.1667 -> 4.39332e-05 | T68: =1+S68 -> 1.0000439 | U68: =U67*T68 -> 101.79541 | W68: {=SQRT(252/20) * SQRT( SUMSQ( LN(U47:U66 / U46:U65) ) - (1/20) * ( SUM( LN(U47:U66 / U46:U65) ) ^ 2 ) )} -> 0.018674201 | X68: =MIN(1.5, 0.06/W68) -> 1.5 | Z68: =1+X67*((U68/U67)-1)+(1-X67)*C67*((A68-A67)/360) -> 1.0000646 | AA68: =AA67*Z68 -> 102.68414 | AC68: =ROUNDUP( 1000*MAX(0, (AA68/100)*(1-0.011)^(4) -1), 2) -> 0
A69: 41824 | C69: {=IFERROR( INDEX( IR!$B$2:$E2026, MATCH($A69, IR!$A$2:$A2026, 0), MATCH(C$1, IR!$B$1:$E$1, 0) ), "")} -> 0.00097 | D69: {=IFERROR( INDEX( IR!$B$2:$E2026, MATCH($A69, IR!$A$2:$A2026, 0), MATCH(D$1, IR!$B$1:$E$1, 0) ), "")} -> 0.00204 | E69: {=IFERROR( INDEX( IR!$B$2:$E2026, MATCH($A69, IR!$A$2:$A2026, 0), MATCH(E$1, IR!$B$1:$E$1, 0) ), "")} -> 0.00303 | F69: {=IFERROR( INDEX( IR!$B$2:$E2026, MATCH($A69, IR!$A$2:$A2026, 0), MATCH(F$1, IR!$B$1:$E$1, 0) ), "")} -> 0.00486 | H69: {=IFERROR( INDEX( SR!$B$2:$D2026, MATCH($A69, SR!$A$2:$A2026, 0), MATCH(H$1, SR!$B$1:$D$1, 0) ), "")} -> 0.003095 | I69: {=IFERROR( INDEX( SR!$B$2:$D2026, MATCH($A69, SR!$A$2:$A2026, 0), MATCH(I$1, SR!$B$1:$D$1, 0) ), "")} -> 0.003895 | J69: {=IFERROR( INDEX( SR!$B$2:$D2026, MATCH($A69, SR!$A$2:$A2026, 0), MATCH(J$1, SR!$B$1:$D$1, 0) ), "")} -> 0.00661 | L69: 125.51 | M69: 24.31 | N69: 113.3 | O69: 124.92 | P69: 128.75 | Q69: 1380.3125 | S69: =((L69-L68)/L68)*0.1666+((M69-M68)/M68)*0.1666+((N69-N68)/N68)*0.1666+((O69-O68)/O68)*0.1666+((P69-P68)/P68)*0.1666+((Q69-Q68)/Q68)*0.1667 -> 0.00072136207 | T69: =1+S69 -> 1.0007214 | U69: =U68*T69 -> 101.86884 | W69: {=SQRT(252/20) * SQRT( SUMSQ( LN(U48:U67 / U47:U66) ) - (1/20) * ( SUM( LN(U48:U67 / U47:U66) ) ^ 2 ) )} -> 0.01922925 | X69: =MIN(1.5, 0.06/W69) -> 1.5 | Z69: =1+X68*((U69/U68)-1)+(1-X68)*C68*((A69-A68)/360) -> 1.0010807 | AA69: =AA68*Z69 -> 102.79511 | AC69: =ROUNDUP( 1000*MAX(0, (AA69/100)*(1-0.011)^(4) -1), 2) -> 0
A70: 41827 | C70: {=IFERROR( INDEX( IR!$B$2:$E2026, MATCH($A70, IR!$A$2:$A2026, 0), MATCH(C$1, IR!$B$1:$E$1, 0) ), "")} -> 0.00097 | D70: {=IFERROR( INDEX( IR!$B$2:$E2026, MATCH($A70, IR!$A$2:$A2026, 0), MATCH(D$1, IR!$B$1:$E$1, 0) ), "")} -> 0.00203 | E70: {=IFERROR( INDEX( IR!$B$2:$E2026, MATCH($A70, IR!$A$2:$A2026, 0), MATCH(E$1, IR!$B$1:$E$1, 0) ), "")} -> 0.00303 | F70: {=IFERROR( INDEX( IR!$B$2:$E2026, MATCH($A70, IR!$A$2:$A2026, 0), MATCH(F$1, IR!$B$1:$E$1, 0) ), "")} -> 0.00486 | H70: {=IFERROR( INDEX( SR!$B$2:$D2026, MATCH($A70, SR!$A$2:$A2026, 0), MATCH(H$1, SR!$B$1:$D$1, 0) ), "")} -> 0.00311 | I70: {=IFERROR( INDEX( SR!$B$2:$D2026, MATCH($A70, SR!$A$2:$A2026, 0), MATCH(I$1, SR!$B$1:$D$1, 0) ), "")} -> 0.003876 | J70: {=IFERROR( INDEX( SR!$B$2:$D2026, MATCH($A70, SR!$A$2:$A2026, 0), MATCH(J$1, SR!$B$1:$D$1, 0) ), "")} -> 0.00664 | L70: 125.17 | M70: 24.31 | N70: 113.33 | O70: 125.2 | P70: 128.79 | Q70: 1380.1121 | S70: =((L70-L69)/L69)*0.1666+((M70-M69)/M69)*0.1666+((N70-N69)/N69)*0.1666+((O70-O69)/O69)*0.1666+((P70-P69)/P69)*0.1666+((Q70-Q69)/Q69)*0.1667 -> -6.2177227e-06 | T70: =1+S70 -> 0.99999378 | U70: =U69*T70 -> 101.86821 | W70: {=SQRT(252/20) * SQRT( SUMSQ( LN(U49:U68 / U48:U67) ) - (1/20) * ( SUM( LN(U49:U68 / U48:U67) ) ^ 2 ) )} -> 0.019225373 | X70: =MIN(1.5, 0.06/W70) -> 1.5 | Z70: =1+X69*((U70/U69)-1)+(1-X69)*C69*((A70-A69)/360) -> 0.99998663 | AA70: =AA69*Z70 -> 102.79373 | AC70: =ROUNDUP( 1000*MAX(0, (AA70/100)*(1-0.011)^(4) -1), 2) -> 0
A71: 41828 | C71: {=IFERROR( INDEX( IR!$B$2:$E2026, MATCH($A71, IR!$A$2:$A2026, 0), MATCH(C$1, IR!$B$1:$E$1, 0) ), "")} -> 0.00096 | D71: {=IFERROR( INDEX( IR!$B$2:$E2026, MATCH($A71, IR!$A$2:$A2026, 0), MATCH(D$1, IR!$B$1:$E$1, 0) ), "")} -> 0.00203 | E71: {=IFERROR( INDEX( IR!$B$2:$E2026, MATCH($A71, IR!$A$2:$A2026, 0), MATCH(E$1, IR!$B$1:$E$1, 0) ), "")} -> 0.00303 | F71: {=IFERROR( INDEX( IR!$B$2:$E2026, MATCH($A71, IR!$A$2:$A2026, 0), MATCH(F$1, IR!$B$1:$E$1, 0) ), "")} -> 0.00486 | H71: {=IFERROR( INDEX( SR!$B$2:$D2026, MATCH($A71, SR!$A$2:$A2026, 0), MATCH(H$1, SR!$B$1:$D$1, 0) ), "")} -> 0.003093 | I71: {=IFERROR( INDEX( SR!$B$2:$D2026, MATCH($A71, SR!$A$2:$A2026, 0), MATCH(I$1, SR!$B$1:$D$1, 0) ), "")} -> 0.003785 | J71: {=IFERROR( INDEX( SR!$B$2:$D2026, MATCH($A71, SR!$A$2:$A2026, 0), MATCH(J$1, SR!$B$1:$D$1, 0) ), "")} -> 0.006355 | L71: 124.72 | M71: 24.31 | N71: 113.33 | O71: 124.72 | P71: 128.58 | Q71: 1375.0642 | S71: =((L71-L70)/L70)*0.1666+((M71-M70)/M70)*0.1666+((N71-N70)/N70)*0.1666+((O71-O70)/O70)*0.1666+((P71-P70)/P70)*0.1666+((Q71-Q70)/Q70)*0.1667 -> -0.0021190412 | T71: =1+S71 -> 0.99788096 | U71: =U70*T71 -> 101.65235 | W71: {=SQRT(252/20) * SQRT( SUMSQ( LN(U50:U69 / U49:U68) ) - (1/20) * ( SUM( LN(U50:U69 / U49:U68) ) ^ 2 ) )} -> 0.018149081 | X71: =MIN(1.5, 0.06/W71) -> 1.5 | Z71: =1+X70*((U71/U70)-1)+(1-X70)*C70*((A71-A70)/360) -> 0.99682009 | AA71: =AA70*Z71 -> 102.46686 | AC71: =ROUNDUP( 1000*MAX(0, (AA71/100)*(1-0.011)^(4) -1), 2) -> 0
A72: 41829 | C72: {=IFERROR( INDEX( IR!$B$2:$E2026, MATCH($A72, IR!$A$2:$A2026, 0), MATCH(C$1, IR!$B$1:$E$1, 0) ), "")} -> 0.00095 | D72: {=IFERROR( INDEX( IR!$B$2:$E2026, MATCH($A72, IR!$A$2:$A2026, 0), MATCH(D$1, IR!$B$1:$E$1, 0) ), "")} -> 0.00203 | E72: {=IFERROR( INDEX( IR!$B$2:$E2026, MATCH($A72, IR!$A$2:$A2026, 0), MATCH(E$1, IR!$B$1:$E$1, 0) ), "")} -> 0.00304 | F72: {=IFERROR( INDEX( IR!$B$2:$E2026, MATCH($A72, IR!$A$2:$A2026, 0), MATCH(F$1, IR!$B$1:$E$1, 0) ), "")} -> 0.00487 | H72: {=IFERROR( INDEX( SR!$B$2:$D2026, MATCH($A72, SR!$A$2:$A2026, 0), MATCH(H$1, SR!$B$1:$D$1, 0) ), "")} -> 0.00313 | I72: {=IFERROR( INDEX( SR!$B$2:$D2026, MATCH($A72, SR!$A$2:$A2026, 0), MATCH(I$1, SR!$B$1:$D$1, 0) ), "")} -> 0.00382 | J72: {=IFERROR( INDEX( SR!$B$2:$D2026, MATCH($A72, SR!$A$2:$A2026, 0), MATCH(J$1, SR!$B$1:$D$1, 0) ), "")} -> 0.006445 | L72: 124.74 | M72: 24.31 | N72: 113.29 | O72: 124.41 | P72: 128.16 | Q72: 1365.8644 | S72: =((L72-L71)/L71)*0.1666+((M72-M71)/M71)*0.1666+((N72-N71)/N71)*0.1666+((O72-O71)/O71)*0.1666+((P72-P71)/P71)*0.1666+((Q72-Q71)/Q71)*0.1667 -> -0.0021056701 | T72: =1+S72 -> 0.99789433 | U72: =U71*T72 -> 101.4383 | W72: {=SQRT(252/20) * SQRT( SUMSQ( LN(U51:U70 / U50:U69) ) - (1/20) * ( SUM( LN(U51:U70 / U50:U69) ) ^ 2 ) )} -> 0.018188142 | X72: =MIN(1.5, 0.06/W72) -> 1.5 | Z72: =1+X71*((U72/U71)-1)+(1-X71)*C71*((A72-A71)/360) -> 0.99684016 | AA72: =AA71*Z72 -> 102.14308 | AC72: =ROUNDUP( 1000*MAX(0, (AA72/100)*(1-0.011)^(4) -1), 2) -> 0
A73: 41830 | C73: {=IFERROR( INDEX( IR!$B$2:$E2026, MATCH($A73, IR!$A$2:$A2026, 0), MATCH(C$1, IR!$B$1:$E$1, 0) ), "")} -> 0.00094 | D73: {=IFERROR( INDEX( IR!$B$2:$E2026, MATCH($A73, IR!$A$2:$A2026, 0), MATCH(D$1, IR!$B$1:$E$1, 0) ), "")} -> 0.00202 | E73: {=IFERROR( INDEX( IR!$B$2:$E2026, MATCH($A73, IR!$A$2:$A2026, 0), MATCH(E$1, IR!$B$1:$E$1, 0) ), "")} -> 0.00304 | F73: {=IFERROR( INDEX( IR!$B$2:$E2026, MATCH($A73, IR!$A$2:$A2026, 0), MATCH(F$1, IR!$B$1:$E$1, 0) ), "")} -> 0.00487 | H73: {=IFERROR( INDEX( SR!$B$2:$D2026, MATCH($A73, SR!$A$2:$A2026, 0), MATCH(H$1, SR!$B$1:$D$1, 0) ), "")} -> 0.00313 | I73: {=IFERROR( INDEX( SR!$B$2:$D2026, MATCH($A73, SR!$A$2:$A2026, 0), MATCH(I$1, SR!$B$1:$D$1, 0) ), "")} -> 0.00382 | J73: {=IFERROR( INDEX( SR!$B$2:$D2026, MATCH($A73, SR!$A$2:$A2026, 0), MATCH(J$1, SR!$B$1:$D$1, 0) ), "")} -> 0.00639 | L73: 124.34 | M73: 24.32 | N73: 113.24 | O73: 124.56 | P73: 128.29 | Q73: 1367.4002 | S73: =((L73-L72)/L72)*0.1666+((M73-M72)/M72)*0.1666+((N73-N72)/N72)*0.1666+((O73-O72)/O72)*0.1666+((P73-P72)/P72)*0.1666+((Q73-Q72)/Q72)*0.1667 -> 1.807231e-05 | T73: =1+S73 -> 1.0000181 | U73: =U72*T73 -> 101.44013 | W73: {=SQRT(252/20) * SQRT( SUMSQ( LN(U52:U71 / U51:U70) ) - (1/20) * ( SUM( LN(U52:U71 / U51:U70) ) ^ 2 ) )} -> 0.018732592 | X73: =MIN(1.5, 0.06/W73) -> 1.5 | Z73: =1+X72*((U73/U72)-1)+(1-X72)*C72*((A73-A72)/360) -> 1.0000258 | AA73: =AA72*Z73 -> 102.14571 | AC73: =ROUNDUP( 1000*MAX(0, (AA73/100)*(1-0.011)^(4) -1), 2) -> 0
A74: 41831 | C74: {=IFERROR( INDEX( IR!$B$2:$E2026, MATCH($A74, IR!$A$2:$A2026, 0), MATCH(C$1, IR!$B$1:$E$1, 0) ), "")} -> 0.00093 | D74: {=IFERROR( INDEX( IR!$B$2:$E2026, MATCH($A74, IR!$A$2:$A2026, 0), MATCH(D$1, IR!$B$1:$E$1, 0) ), "")} -> 0.00203 | E74: {=IFERROR( INDEX( IR!$B$2:$E2026, MATCH($A74, IR!$A$2:$A2026, 0), MATCH(E$1, IR!$B$1:$E$1, 0) ), "")} -> 0.00305 | F74: {=IFERROR( INDEX( IR!$B$2:$E2026, MATCH($A74, IR!$A$2:$A2026, 0), MATCH(F$1, IR!$B$1:$E$1, 0) ), "")} -> 0.00487 | H74: {=IFERROR( INDEX( SR!$B$2:$D2026, MATCH($A74, SR!$A$2:$A2026, 0), MATCH(H$1, SR!$B$1:$D$1, 0) ), "")} -> 0.00315 | I74: {=IFERROR( INDEX( SR!$B$2:$D2026, MATCH($A74, SR!$A$2:$A2026, 0), MATCH(I$1, SR!$B$1:$D$1, 0) ), "")} -> 0.003849 | J74: {=IFERROR( INDEX( SR!$B$2:$D2026, MATCH($A74, SR!$A$2:$A2026, 0), MATCH(J$1, SR!$B$1:$D$1, 0) ), "")} -> 0.00636 | L74: 124.24 | M74: 24.32 | N74: 113.17 | O74: 124.1 | P74: 128.05 | Q74: 1363.1432 | S74: =((L74-L73)/L73)*0.1666+((M74-M73)/M73)*0.1666+((N74-N73)/N73)*0.1666+((O74-O73)/O73)*0.1666+((P74-P73)/P73)*0.1666+((Q74-Q73)/Q73)*0.1667 -> -0.0016828665 | T74: =1+S74 -> 0.99831713 | U74: =U73*T74 -> 101.26942 | W74: {=SQRT(252/20) * SQRT( SUMSQ( LN(U53:U72 / U52:U71) ) - (1/20) * ( SUM( LN(U53:U72 / U52:U71) ) ^ 2 ) )} -> 0.017438485 | X74: =MIN(1.5, 0.06/W74) -> 1.5 | Z74: =1+X73*((U74/U73)-1)+(1-X73)*C73*((A74-A73)/360) -> 0.99747439 | AA74: =AA73*Z74 -> 101.88773 | AC74: =ROUNDUP( 1000*MAX(0, (AA74/100)*(1-0.011)^(4) -1), 2) -> 0
A75: 41834 | C75: {=IFERROR( INDEX( IR!$B$2:$E2026, MATCH($A75, IR!$A$2:$A2026, 0), MATCH(C$1, IR!$B$1:$E$1, 0) ), "")} -> 0.00092 | D75: {=IFERROR( INDEX( IR!$B$2:$E2026, MATCH($A75, IR!$A$2:$A2026, 0), MATCH(D$1, IR!$B$1:$E$1, 0) ), "")} -> 0.00203 | E75: {=IFERROR( INDEX( IR!$B$2:$E2026, MATCH($A75, IR!$A$2:$A2026, 0), MATCH(E$1, IR!$B$1:$E$1, 0) ), "")} -> 0.00306 | F75: {=IFERROR( INDEX( IR!$B$2:$E2026, MATCH($A75, IR!$A$2:$A2026, 0), MATCH(F$1, IR!$B$1:$E$1, 0) ), "")} -> 0.00488 | H75: {=IFERROR( INDEX( SR!$B$2:$D2026, MATCH($A75, SR!$A$2:$A2026, 0), MATCH(H$1, SR!$B$1:$D$1, 0) ), "")} -> 0.003185 | I75: {=IFERROR( INDEX( SR!$B$2:$D2026, MATCH($A75, SR!$A$2:$A2026, 0), MATCH(I$1, SR!$B$1:$D$1, 0) ), "")} -> 0.003865 | J75: {=IFERROR( INDEX( SR!$B$2:$D2026, MATCH($A75, SR!$A$2:$A2026, 0), MATCH(J$1, SR!$B$1:$D$1, 0) ), "")} -> 0.006394 | L75: 124.24 | M75: 24.31 | N75: 113.17 | O75: 123.97 | P75: 128.2 | Q75: 1363.9124 | S75: =((L75-L74)/L74)*0.1666+((M75-M74)/M74)*0.1666+((N75-N74)/N74)*0.1666+((O75-O74)/O74)*0.1666+((P75-P74)/P74)*0.1666+((Q75-Q74)/Q74)*0.1667 -> 4.6200459e-05 | T75: =1+S75 -> 1.0000462 | U75: =U74*T75 -> 101.2741 | W75: {=SQRT(252/20) * SQRT( SUMSQ( LN(U54:U73 / U53:U72) ) - (1/20) * ( SUM( LN(U54:U73 / U53:U72) ) ^ 2 ) )} -> 0.017406894 | X75: =MIN(1.5, 0.06/W75) -> 1.5 | Z75: =1+X74*((U75/U74)-1)+(1-X74)*C74*((A75-A74)/360) -> 1.0000654 | AA75: =AA74*Z75 -> 101.8944 | AC75: =ROUNDUP( 1000*MAX(0, (AA75/100)*(1-0.011)^(4) -1), 2) -> 0
A76: 41835 | C76: {=IFERROR( INDEX( IR!$B$2:$E2026, MATCH($A76, IR!$A$2:$A2026, 0), MATCH(C$1, IR!$B$1:$E$1, 0) ), "")} -> 0.00092 | D76: {=IFERROR( INDEX( IR!$B$2:$E2026, MATCH($A76, IR!$A$2:$A2026, 0), MATCH(D$1, IR!$B$1:$E$1, 0) ), "")} -> 0.00202 | E76: {=IFERROR( INDEX( IR!$B$2:$E2026, MATCH($A76, IR!$A$2:$A2026, 0), MATCH(E$1, IR!$B$1:$E$1, 0) ), "")} -> 0.00306 | F76: {=IFERROR( INDEX( IR!$B$2:$E2026, MATCH($A76, IR!$A$2:$A2026, 0), MATCH(F$1, IR!$B$1:$E$1, 0) ), "")} -> 0.00487 | H76: {=IFERROR( INDEX( SR!$B$2:$D2026, MATCH($A76, SR!$A$2:$A2026, 0), MATCH(H$1, SR!$B$1:$D$1, 0) ), "")} -> 0.00318 | I76: {=IFERROR( INDEX( SR!$B$2:$D2026, MATCH($A76, SR!$A$2:$A2026, 0), MATCH(I$1, SR!$B$1:$D$1, 0) ), "")} -> 0.003885 | J76: {=IFERROR( INDEX( SR!$B$2:$D2026, MATCH($A76, SR!$A$2:$A2026, 0), MATCH(J$1, SR!$B$1:$D$1, 0) ), "")} -> 0.00641 | L76: 124.22 | M76: 24.33 | N76: 113.17 | O76: 124.59 | P76: 128.31 | Q76: 1366.6824 | S76: =((L76-L75)/L75)*0.1666+((M76-M75)/M75)*0.1666+((N76-N75)/N75)*0.1666+((O76-O75)/O75)*0.1666+((P76-P75)/P75)*0.1666+((Q76-Q75)/Q75)*0.1667 -> 0.0014249487 | T76: =1+S76 -> 1.0014249 | U76: =U75*T76 -> 101.41841 | W76: {=SQRT(252/20) * SQRT( SUMSQ( LN(U55:U74 / U54:U73) ) - (1/20) * ( SUM( LN(U55:U74 / U54:U73) ) ^ 2 ) )} -> 0.017988296 | X76: =MIN(1.5, 0.06/W76) -> 1.5 | Z76: =1+X75*((U76/U75)-1)+(1-X75)*C75*((A76-A75)/360) -> 1.0021361 | AA76: =AA75*Z76 -> 102.11206 | AC76: =ROUNDUP( 1000*MAX(0, (AA76/100)*(1-0.011)^(4) -1), 2) -> 0
A77: 41836 | C77: {=IFERROR( INDEX( IR!$B$2:$E2026, MATCH($A77, IR!$A$2:$A2026, 0), MATCH(C$1, IR!$B$1:$E$1, 0) ), "")} -> 0.00091 | D77: {=IFERROR( INDEX( IR!$B$2:$E2026, MATCH($A77, IR!$A$2:$A2026, 0), MATCH(D$1, IR!$B$1:$E$1, 0) ), "")} -> 0.00201 | E77: {=IFERROR( INDEX( IR!$B$2:$E2026, MATCH($A77, IR!$A$2:$A2026, 0), MATCH(E$1, IR!$B$1:$E$1, 0) ), "")} -> 0.00304 | F77: {=IFERROR( INDEX( IR!$B$2:$E2026, MATCH($A77, IR!$A$2:$A2026, 0), MATCH(F$1, IR!$B$1:$E$1, 0) ), "")} -> 0.00486 | H77: {=IFERROR( INDEX( SR!$B$2:$D2026, MATCH($A77, SR!$A$2:$A2026, 0), MATCH(H$1, SR!$B$1:$D$1, 0) ), "")} -> 0.00315 | I77: {=IFERROR( INDEX( SR!$B$2:$D2026, MATCH($A77, SR!$A$2:$A2026, 0), MATCH(I$1, SR!$B$1:$D$1, 0) ), "")} -> 0.00384 | J77: {=IFERROR( INDEX( SR!$B$2:$D2026, MATCH($A77, SR!$A$2:$A2026, 0), MATCH(J$1, SR!$B$1:$D$1, 0) ), "")} -> 0.00632 | L77: 124.63 | M77: 24.34 | N77: 113.22 | O77: 124.34 | P77: 128.31 | Q77: 1364.7133 | S77: =((L77-L76)/L76)*0.1666+((M77-M76)/M76)*0.1666+((N77-N76)/N76)*0.1666+((O77-O76)/O76)*0.1666+((P77-P76)/P76)*0.1666+((Q77-Q76)/Q76)*0.1667 -> 0.00011748456 | T77: =1+S77 -> 1.0001175 | U77: =U76*T77 -> 101.43033 | W77: {=SQRT(252/20) * SQRT( SUMSQ( LN(U56:U75 / U55:U74) ) - (1/20) * ( SUM( LN(U56:U75 / U55:U74) ) ^ 2 ) )} -> 0.017968001 | X77: =MIN(1.5, 0.06/W77) -> 1.5 | Z77: =1+X76*((U77/U76)-1)+(1-X76)*C76*((A77-A76)/360) -> 1.0001749 | AA77: =AA76*Z77 -> 102.12993 | AC77: =ROUNDUP( 1000*MAX(0, (AA77/100)*(1-0.011)^(4) -1), 2) -> 0
A78: 41837 | C78: {=IFERROR( INDEX( IR!$B$2:$E2026, MATCH($A78, IR!$A$2:$A2026, 0), MATCH(C$1, IR!$B$1:$E$1, 0) ), "")} -> 0.00091 | D78: {=IFERROR( INDEX( IR!$B$2:$E2026, MATCH($A78, IR!$A$2:$A2026, 0), MATCH(D$1, IR!$B$1:$E$1, 0) ), "")} -> 0.00201 | E78: {=IFERROR( INDEX( IR!$B$2:$E2026, MATCH($A78, IR!$A$2:$A2026, 0), MATCH(E$1, IR!$B$1:$E$1, 0) ), "")} -> 0.00303 | F78: {=IFERROR( INDEX( IR!$B$2:$E2026, MATCH($A78, IR!$A$2:$A2026, 0), MATCH(F$1, IR!$B$1:$E$1, 0) ), "")} -> 0.00486 | H78: {=IFERROR( INDEX( SR!$B$2:$D2026, MATCH($A78, SR!$A$2:$A2026, 0), MATCH(H$1, SR!$B$1:$D$1, 0) ), "")} -> 0.00315 | I78: {=IFERROR( INDEX( SR!$B$2:$D2026, MATCH($A78, SR!$A$2:$A2026, 0), MATCH(I$1, SR!$B$1:$D$1, 0) ), "")} -> 0.00382 | J78: {=IFERROR( INDEX( SR!$B$2:$D2026, MATCH($A78, SR!$A$2:$A2026, 0), MATCH(J$1, SR!$B$1:$D$1, 0) ), "")} -> 0.00618 | L78: 124.45 | M78: 24.34 | N78: 113.16 | O78: 125.09 | P78: 128.5 | Q78: 1370.2278 | S78: =((L78-L77)/L77)*0.1666+((M78-M77)/M77)*0.1666+((N78-N77)/N77)*0.1666+((O78-O77)/O77)*0.1666+((P78-P77)/P77)*0.1666+((Q78-Q77)/Q77)*0.1667 -> 0.0015962981 | T78: =1+S78 -> 1.0015963 | U78: =U77*T78 -> 101.59224 | W78: {=SQRT(252/20) * SQRT( SUMSQ( LN(U57:U76 / U56:U75) ) - (1/20) * ( SUM( LN(U57:U76 / U56:U75) ) ^ 2 ) )} -> 0.018752226 | X78: =MIN(1.5, 0.06/W78) -> 1.5 | Z78: =1+X77*((U78/U77)-1)+(1-X77)*C77*((A78-A77)/360) -> 1.0023932 | AA78: =AA77*Z78 -> 102.37434 | AC78: =ROUNDUP( 1000*MAX(0, (AA78/100)*(1-0.011)^(4) -1), 2) -> 0
A79: 41838 | C79: {=IFERROR( INDEX( IR!$B$2:$E2026, MATCH($A79, IR!$A$2:$A2026, 0), MATCH(C$1, IR!$B$1:$E$1, 0) ), "")} -> 0.00092 | D79: {=IFERROR( INDEX( IR!$B$2:$E2026, MATCH($A79, IR!$A$2:$A2026, 0), MATCH(D$1, IR!$B$1:$E$1, 0) ), "")} -> 0.00202 | E79: {=IFERROR( INDEX( IR!$B$2:$E2026, MATCH($A79, IR!$A$2:$A2026, 0), MATCH(E$1, IR!$B$1:$E$1, 0) ), "")} -> 0.00303 | F79: {=IFERROR( INDEX( IR!$B$2:$E2026, MATCH($A79, IR!$A$2:$A2026, 0), MATCH(F$1, IR!$B$1:$E$1, 0) ), "")} -> 0.00485 | H79: {=IFERROR( INDEX( SR!$B$2:$D2026, MATCH($A79, SR!$A$2:$A2026, 0), MATCH(H$1, SR!$B$1:$D$1, 0) ), "")} -> 0.0032 | I79: {=IFERROR( INDEX( SR!$B$2:$D2026, MATCH($A79, SR!$A$2:$A2026, 0), MATCH(I$1, SR!$B$1:$D$1, 0) ), "")} -> 0.00388 | J79: {=IFERROR( INDEX( SR!$B$2:$D2026, MATCH($A79, SR!$A$2:$A2026, 0), MATCH(J$1, SR!$B$1:$D$1, 0) ), "")} -> 0.006267 | L79: 124.34 | M79: 24.35 | N79: 113.07 | O79: 124.9 | P79: 128.25 | Q79: 1363.9293 | S79: =((L79-L78)/L78)*0.1666+((M79-M78)/M78)*0.1666+((N79-N78)/N78)*0.1666+((O79-O78)/O78)*0.1666+((P79-P78)/P78)*0.1666+((Q79-Q78)/Q78)*0.1667 -> -0.0015547526 | T79: =1+S79 -> 0.99844525 | U79: =U78*T79 -> 101.43429 | W79: {=SQRT(252/20) * SQRT( SUMSQ( LN(U58:U77 / U57:U76) ) - (1/20) * ( SUM( LN(U58:U77 / U57:U76) ) ^ 2 ) )} -> 0.018729807 | X79: =MIN(1.5, 0.06/W79) -> 1.5 | Z79: =1+X78*((U79/U78)-1)+(1-X78)*C78*((A79-A78)/360) -> 0.99766661 | AA79: =AA78*Z79 -> 102.13546 | AC79: =ROUNDUP( 1000*MAX(0, (AA79/100)*(1-0.011)^(4) -1), 2) -> 0
A80: 41841 | C80: {=IFERROR( INDEX( IR!$B$2:$E2026, MATCH($A80, IR!$A$2:$A2026, 0), MATCH(C$1, IR!$B$1:$E$1, 0) ), "")} -> 0.00096 | D80: {=IFERROR( INDEX( IR!$B$2:$E2026, MATCH($A80, IR!$A$2:$A2026, 0), MATCH(D$1, IR!$B$1:$E$1, 0) ), "")} -> 0.00204 | E80: {=IFERROR( INDEX( IR!$B$2:$E2026, MATCH($A80, IR!$A$2:$A2026, 0), MATCH(E$1, IR!$B$1:$E$1, 0) ), "")} -> 0.00303 | F80: {=IFERROR( INDEX( IR!$B$2:$E2026, MATCH($A80, IR!$A$2:$A2026, 0), MATCH(F$1, IR!$B$1:$E$1, 0) ), "")} -> 0.00486 | H80: {=IFERROR( INDEX( SR!$B$2:$D2026, MATCH($A80, SR!$A$2:$A2026, 0), MATCH(H$1, SR!$B$1:$D$1, 0) ), "")} -> 0.003235 | I80: {=IFERROR( INDEX( SR!$B$2:$D2026, MATCH($A80, SR!$A$2:$A2026, 0), MATCH(I$1, SR!$B$1:$D$1, 0) ), "")} -> 0.00391 | J80: {=IFERROR( INDEX( SR!$B$2:$D2026, MATCH($A80, SR!$A$2:$A2026, 0), MATCH(J$1, SR!$B$1:$D$1, 0) ), "")} -> 0.00625 | L80: 124.21 | M80: 24.34 | N80: 113.08 | O80: 124.7 | P80: 128.61 | Q80: 1364.548 | S80: =((L80-L79)/L79)*0.1666+((M80-M79)/M79)*0.1666+((N80-N79)/N79)*0.1666+((O80-O79)/O79)*0.1666+((P80-P79)/P79)*0.1666+((Q80-Q79)/Q79)*0.1667 -> 4.8625127e-05 | T80: =1+S80 -> 1.0000486 | U80: =U79*T80 -> 101.43922 | W80: {=SQRT(252/20) * SQRT( SUMSQ( LN(U59:U78 / U58:U77) ) - (1/20) * ( SUM( LN(U59:U78 / U58:U77) ) ^ 2 ) )} -> 0.019536732 | X80: =MIN(1.5, 0.06/W80) -> 1.5 | Z80: =1+X79*((U80/U79)-1)+(1-X79)*C79*((A80-A79)/360) -> 1.0000691 | AA80: =AA79*Z80 -> 102.14252 | AC80: =ROUNDUP( 1000*MAX(0, (AA80/100)*(1-0.011)^(4) -1), 2) -> 0
A81: 41842 | C81: {=IFERROR( INDEX( IR!$B$2:$E2026, MATCH($A81, IR!$A$2:$A2026, 0), MATCH(C$1, IR!$B$1:$E$1, 0) ), "")} -> 0.00096 | D81: {=IFERROR( INDEX( IR!$B$2:$E2026, MATCH($A81, IR!$A$2:$A2026, 0), MATCH(D$1, IR!$B$1:$E$1, 0) ), "")} -> 0.00206 | E81: {=IFERROR( INDEX( IR!$B$2:$E2026, MATCH($A81, IR!$A$2:$A2026, 0), MATCH(E$1, IR!$B$1:$E$1, 0) ), "")} -> 0.00305 | F81: {=IFERROR( INDEX( IR!$B$2:$E2026, MATCH($A81, IR!$A$2:$A2026, 0), MATCH(F$1, IR!$B$1:$E$1, 0) ), "")} -> 0.00488 | H81: {=IFERROR( INDEX( SR!$B$2:$D2026, MATCH($A81, SR!$A$2:$A2026, 0), MATCH(H$1, SR!$B$1:$D$1, 0) ), "")} -> 0.00333 | I81: {=IFERROR( INDEX( SR!$B$2:$D2026, MATCH($A81, SR!$A$2:$A2026, 0), MATCH(I$1, SR!$B$1:$D$1, 0) ), "")} -> 0.004025 | J81: {=IFERROR( INDEX( SR!$B$2:$D2026, MATCH($A81, SR!$A$2:$A2026, 0), MATCH(J$1, SR!$B$1:$D$1, 0) ), "")} -> 0.00642 | L81: 124.47 | M81: 24.37 | N81: 113.1 | O81: 124.43 | P81: 128.36 | Q81: 1364.6544 | S81: =((L81-L80)/L80)*0.1666+((M81-M80)/M80)*0.1666+((N81-N80)/N80)*0.1666+((O81-O80)/O80)*0.1666+((P81-P80)/P80)*0.1666+((Q81-Q80)/Q80)*0.1667 -> -8.8031813e-05 | T81: =1+S81 -> 0.99991197 | U81: =U80*T81 -> 101.43029 | W81: {=SQRT(252/20) * SQRT( SUMSQ( LN(U60:U79 / U59:U78) ) - (1/20) * ( SUM( LN(U60:U79 / U59:U78) ) ^ 2 ) )} -> 0.019764445 | X81: =MIN(1.5, 0.06/W81) -> 1.5 | Z81: =1+X80*((U81/U80)-1)+(1-X80)*C80*((A81-A80)/360) -> 0.99986662 | AA81: =AA80*Z81 -> 102.1289 | AC81: =ROUNDUP( 1000*MAX(0, (AA81/100)*(1-0.011)^(4) -1), 2) -> 0
A82: 41843 | C82: {=IFERROR( INDEX( IR!$B$2:$E2026, MATCH($A82, IR!$A$2:$A2026, 0), MATCH(C$1, IR!$B$1:$E$1, 0) ), "")} -> 0.00098 | D82: {=IFERROR( INDEX( IR!$B$2:$E2026, MATCH($A82, IR!$A$2:$A2026, 0), MATCH(D$1, IR!$B$1:$E$1, 0) ), "")} -> 0.00208 | E82: {=IFERROR( INDEX( IR!$B$2:$E2026, MATCH($A82, IR!$A$2:$A2026, 0), MATCH(E$1, IR!$B$1:$E$1, 0) ), "")} -> 0.00308 | F82: {=IFERROR( INDEX( IR!$B$2:$E2026, MATCH($A82, IR!$A$2:$A2026, 0), MATCH(F$1, IR!$B$1:$E$1, 0) ), "")} -> 0.00489 | H82: {=IFERROR( INDEX( SR!$B$2:$D2026, MATCH($A82, SR!$A$2:$A2026, 0), MATCH(H$1, SR!$B$1:$D$1, 0) ), "")} -> 0.0033 | I82: {=IFERROR( INDEX( SR!$B$2:$D2026, MATCH($A82, SR!$A$2:$A2026, 0), MATCH(I$1, SR!$B$1:$D$1, 0) ), "")} -> 0.003977 | J82: {=IFERROR( INDEX( SR!$B$2:$D2026, MATCH($A82, SR!$A$2:$A2026, 0), MATCH(J$1, SR!$B$1:$D$1, 0) ), "")} -> 0.006323 | L82: 124.49 | M82: 24.37 | N82: 113.1 | O82: 124.67 | P82: 128.67 | Q82: 1370.4861 | S82: =((L82-L81)/L81)*0.1666+((M82-M81)/M81)*0.1666+((N82-N81)/N81)*0.1666+((O82-O81)/O81)*0.1666+((P82-P81)/P81)*0.1666+((Q82-Q81)/Q81)*0.1667 -> 0.0014628336 | T82: =1+S82 -> 1.0014628 | U82: =U81*T82 -> 101.57867 | W82: {=SQRT(252/20) * SQRT( SUMSQ( LN(U61:U80 / U60:U79) ) - (1/20) * ( SUM( LN(U61:U80 / U60:U79) ) ^ 2 ) )} -> 0.018382759 | X82: =MIN(1.5, 0.06/W82) -> 1.5 | Z82: =1+X81*((U82/U81)-1)+(1-X81)*C81*((A82-A81)/360) -> 1.0021929 | AA82: =AA81*Z82 -> 102.35286 | AC82: =ROUNDUP( 1000*MAX(0, (AA82/100)*(1-0.011)^(4) -1), 2) -> 0
A83: 41844 | C83: {=IFERROR( INDEX( IR!$B$2:$E2026, MATCH($A83, IR!$A$2:$A2026, 0), MATCH(C$1, IR!$B$1:$E$1, 0) ), "")} -> 0.00099 | D83: {=IFERROR( INDEX( IR!$B$2:$E2026, MATCH($A83, IR!$A$2:$A2026, 0), MATCH(D$1, IR!$B$1:$E$1, 0) ), "")} -> 0.00209 | E83: {=IFERROR( INDEX( IR!$B$2:$E2026, MATCH($A83, IR!$A$2:$A2026, 0), MATCH(E$1, IR!$B$1:$E$1, 0) ), "")} -> 0.00308 | F83: {=IFERROR( INDEX( IR!$B$2:$E2026, MATCH($A83, IR!$A$2:$A2026, 0), MATCH(F$1, IR!$B$1:$E$1, 0) ), "")} -> 0.0049 | H83: {=IFERROR( INDEX( SR!$B$2:$D2026, MATCH($A83, SR!$A$2:$A2026, 0), MATCH(H$1, SR!$B$1:$D$1, 0) ), "")} -> 0.00338 | I83: {=IFERROR( INDEX( SR!$B$2:$D2026, MATCH($A83, SR!$A$2:$A2026, 0), MATCH(I$1, SR!$B$1:$D$1, 0) ), "")} -> 0.00411 | J83: {=IFERROR( INDEX( SR!$B$2:$D2026, MATCH($A83, SR!$A$2:$A2026, 0), MATCH(J$1, SR!$B$1:$D$1, 0) ), "")} -> 0.00655 | L83: 124.56 | M83: 24.37 | N83: 113.11 | O83: 125.06 | P83: 128.77 | Q83: 1370.006 | S83: =((L83-L82)/L82)*0.1666+((M83-M82)/M82)*0.1666+((N83-N82)/N82)*0.1666+((O83-O82)/O82)*0.1666+((P83-P82)/P82)*0.1666+((Q83-Q82)/Q82)*0.1667 -> 0.00070065764 | T83: =1+S83 -> 1.0007007 | U83: =U82*T83 -> 101.64984 | W83: {=SQRT(252/20) * SQRT( SUMSQ( LN(U62:U81 / U61:U80) ) - (1/20) * ( SUM( LN(U62:U81 / U61:U80) ) ^ 2 ) )} -> 0.017949766 | X83: =MIN(1.5, 0.06/W83) -> 1.5 | Z83: =1+X82*((U83/U82)-1)+(1-X82)*C82*((A83-A82)/360) -> 1.0010496 | AA83: =AA82*Z83 -> 102.46029 | AC83: =ROUNDUP( 1000*MAX(0, (AA83/100)*(1-0.011)^(4) -1), 2) -> 0
A84: 41845 | C84: {=IFERROR( INDEX( IR!$B$2:$E2026, MATCH($A84, IR!$A$2:$A2026, 0), MATCH(C$1, IR!$B$1:$E$1, 0) ), "")} -> 0.001 | D84: {=IFERROR( INDEX( IR!$B$2:$E2026, MATCH($A84, IR!$A$2:$A2026, 0), MATCH(D$1, IR!$B$1:$E$1, 0) ), "")} -> 0.00209 | E84: {=IFERROR( INDEX( IR!$B$2:$E2026, MATCH($A84, IR!$A$2:$A2026, 0), MATCH(E$1, IR!$B$1:$E$1, 0) ), "")} -> 0.00307 | F84: {=IFERROR( INDEX( IR!$B$2:$E2026, MATCH($A84, IR!$A$2:$A2026, 0), MATCH(F$1, IR!$B$1:$E$1, 0) ), "")} -> 0.0049 | H84: {=IFERROR( INDEX( SR!$B$2:$D2026, MATCH($A84, SR!$A$2:$A2026, 0), MATCH(H$1, SR!$B$1:$D$1, 0) ), "")} -> 0.003285 | I84: {=IFERROR( INDEX( SR!$B$2:$D2026, MATCH($A84, SR!$A$2:$A2026, 0), MATCH(I$1, SR!$B$1:$D$1, 0) ), "")} -> 0.00398 | J84: {=IFERROR( INDEX( SR!$B$2:$D2026, MATCH($A84, SR!$A$2:$A2026, 0), MATCH(J$1, SR!$B$1:$D$1, 0) ), "")} -> 0.006301 | L84: 124.41 | M84: 24.38 | N84: 113.15 | O84: 124.89 | P84: 128.58 | Q84: 1371.7426 | S84: =((L84-L83)/L83)*0.1666+((M84-M83)/M83)*0.1666+((N84-N83)/N83)*0.1666+((O84-O83)/O83)*0.1666+((P84-P83)/P83)*0.1666+((Q84-Q83)/Q83)*0.1667 -> -0.00033432625 | T84: =1+S84 -> 0.99966567 | U84: =U83*T84 -> 101.61586 | W84: {=SQRT(252/20) * SQRT( SUMSQ( LN(U63:U82 / U62:U81) ) - (1/20) * ( SUM( LN(U63:U82 / U62:U81) ) ^ 2 ) )} -> 0.017783024 | X84: =MIN(1.5, 0.06/W84) -> 1.5 | Z84: =1+X83*((U84/U83)-1)+(1-X83)*C83*((A84-A83)/360) -> 0.99949714 | AA84: =AA83*Z84 -> 102.40876 | AC84: =ROUNDUP( 1000*MAX(0, (AA84/100)*(1-0.011)^(4) -1), 2) -> 0
A85: 41848 | C85: {=IFERROR( INDEX( IR!$B$2:$E2026, MATCH($A85, IR!$A$2:$A2026, 0), MATCH(C$1, IR!$B$1:$E$1, 0) ), "")} -> 0.00099 | D85: {=IFERROR( INDEX( IR!$B$2:$E2026, MATCH($A85, IR!$A$2:$A2026, 0), MATCH(D$1, IR!$B$1:$E$1, 0) ), "")} -> 0.00209 | E85: {=IFERROR( INDEX( IR!$B$2:$E2026, MATCH($A85, IR!$A$2:$A2026, 0), MATCH(E$1, IR!$B$1:$E$1, 0) ), "")} -> 0.00306 | F85: {=IFERROR( INDEX( IR!$B$2:$E2026, MATCH($A85, IR!$A$2:$A2026, 0), MATCH(F$1, IR!$B$1:$E$1, 0) ), "")} -> 0.00489 | H85: {=IFERROR( INDEX( SR!$B$2:$D2026, MATCH($A85, SR!$A$2:$A2026, 0), MATCH(H$1, SR!$B$1:$D$1, 0) ), "")} -> 0.00335 | I85: {=IFERROR( INDEX( SR!$B$2:$D2026, MATCH($A85, SR!$A$2:$A2026, 0), MATCH(I$1, SR!$B$1:$D$1, 0) ), "")} -> 0.004025 | J85: {=IFERROR( INDEX( SR!$B$2:$D2026, MATCH($A85, SR!$A$2:$A2026, 0), MATCH(J$1, SR!$B$1:$D$1, 0) ), "")} -> 0.006348 | L85: 124.37 | M85: 24.38 | N85: 113.15 | O85: 124.42 | P85: 128.66 | Q85: 1370.1823 | S85: =((L85-L84)/L84)*0.1666+((M85-M84)/M84)*0.1666+((N85-N84)/N84)*0.1666+((O85-O84)/O84)*0.1666+((P85-P84)/P84)*0.1666+((Q85-Q84)/Q84)*0.1667 -> -0.00076649154 | T85: =1+S85 -> 0.99923351 | U85: =U84*T85 -> 101.53797 | W85: {=SQRT(252/20) * SQRT( SUMSQ( LN(U64:U83 / U63:U82) ) - (1/20) * ( SUM( LN(U64:U83 / U63:U82) ) ^ 2 ) )} -> 0.017915412 | X85: =MIN(1.5, 0.06/W85) -> 1.5 | Z85: =1+X84*((U85/U84)-1)+(1-X84)*C84*((A85-A84)/360) -> 0.9988461 | AA85: =AA84*Z85 -> 102.29059 | AC85: =ROUNDUP( 1000*MAX(0, (AA85/100)*(1-0.011)^(4) -1), 2) -> 0
A86: 41849 | C86: {=IFERROR( INDEX( IR!$B$2:$E2026, MATCH($A86, IR!$A$2:$A2026, 0), MATCH(C$1, IR!$B$1:$E$1, 0) ), "")} -> 0.00099 | D86: {=IFERROR( INDEX( IR!$B$2:$E2026, MATCH($A86, IR!$A$2:$A2026, 0), MATCH(D$1, IR!$B$1:$E$1, 0) ), "")} -> 0.00209 | E86: {=IFERROR( INDEX( IR!$B$2:$E2026, MATCH($A86, IR!$A$2:$A2026, 0), MATCH(E$1, IR!$B$1:$E$1, 0) ), "")} -> 0.00306 | F86: {=IFERROR( INDEX( IR!$B$2:$E2026, MATCH($A86, IR!$A$2:$A2026, 0), MATCH(F$1, IR!$B$1:$E$1, 0) ), "")} -> 0.00489 | H86: {=IFERROR( INDEX( SR!$B$2:$D2026, MATCH($A86, SR!$A$2:$A2026, 0), MATCH(H$1, SR!$B$1:$D$1, 0) ), "")} -> 0.00335 | I86: {=IFERROR( INDEX( SR!$B$2:$D2026, MATCH($A86, SR!$A$2:$A2026, 0), MATCH(I$1, SR!$B$1:$D$1, 0) ), "")} -> 0.003979 | J86: {=IFERROR( INDEX( SR!$B$2:$D2026, MATCH($A86, SR!$A$2:$A2026, 0), MATCH(J$1, SR!$B$1:$D$1, 0) ), "")} -> 0.006248 | L86: 124.42 | M86: 24.38 | N86: 113.13 | O86: 124.17 | P86: 128.6 | Q86: 1369.2542 | S86: =((L86-L85)/L85)*0.1666+((M86-M85)/M85)*0.1666+((N86-N85)/N85)*0.1666+((O86-O85)/O85)*0.1666+((P86-P85)/P85)*0.1666+((Q86-Q85)/Q85)*0.1667 -> -0.00048783157 | T86: =1+S86 -> 0.99951217 | U86: =U85*T86 -> 101.48844 | W86: {=SQRT(252/20) * SQRT( SUMSQ( LN(U65:U84 / U64:U83) ) - (1/20) * ( SUM( LN(U65:U84 / U64:U83) ) ^ 2 ) )} -> 0.017813941 | X86: =MIN(1.5, 0.06/W86) -> 1.5 | Z86: =1+X85*((U86/U85)-1)+(1-X85)*C85*((A86-A85)/360) -> 0.99926688 | AA86: =AA85*Z86 -> 102.2156 | AC86: =ROUNDUP( 1000*MAX(0, (AA86/100)*(1-0.011)^(4) -1), 2) -> 0
A87: 41850 | C87: {=IFERROR( INDEX( IR!$B$2:$E2026, MATCH($A87, IR!$A$2:$A2026, 0), MATCH(C$1, IR!$B$1:$E$1, 0) ), "")} -> 0.00098 | D87: {=IFERROR( INDEX( IR!$B$2:$E2026, MATCH($A87, IR!$A$2:$A2026, 0), MATCH(D$1, IR!$B$1:$E$1, 0) ), "")} -> 0.00209 | E87: {=IFERROR( INDEX( IR!$B$2:$E2026, MATCH($A87, IR!$A$2:$A2026, 0), MATCH(E$1, IR!$B$1:$E$1, 0) ), "")} -> 0.00305 | F87: {=IFERROR( INDEX( IR!$B$2:$E2026, MATCH($A87, IR!$A$2:$A2026, 0), MATCH(F$1, IR!$B$1:$E$1, 0) ), "")} -> 0.00489 | H87: {=IFERROR( INDEX( SR!$B$2:$D2026, MATCH($A87, SR!$A$2:$A2026, 0), MATCH(H$1, SR!$B$1:$D$1, 0) ), "")} -> 0.003405 | I87: {=IFERROR( INDEX( SR!$B$2:$D2026, MATCH($A87, SR!$A$2:$A2026, 0), MATCH(I$1, SR!$B$1:$D$1, 0) ), "")} -> 0.00411 | J87: {=IFERROR( INDEX( SR!$B$2:$D2026, MATCH($A87, SR!$A$2:$A2026, 0), MATCH(J$1, SR!$B$1:$D$1, 0) ), "")} -> 0.006655 | L87: 124.14 | M87: 24.38 | N87: 113.14 | O87: 124.8 | P87: 128.71 | Q87: 1369.419 | S87: =((L87-L86)/L86)*0.1666+((M87-M86)/M86)*0.1666+((N87-N86)/N86)*0.1666+((O87-O86)/O86)*0.1666+((P87-P86)/P86)*0.1666+((Q87-Q86)/Q86)*0.1667 -> 0.00064764689 | T87: =1+S87 -> 1.0006476 | U87: =U86*T87 -> 101.55416 | W87: {=SQRT(252/20) * SQRT( SUMSQ( LN(U66:U85 / U65:U84) ) - (1/20) * ( SUM( LN(U66:U85 / U65:U84) ) ^ 2 ) )} -> 0.017967994 | X87: =MIN(1.5, 0.06/W87) -> 1.5 | Z87: =1+X86*((U87/U86)-1)+(1-X86)*C86*((A87-A86)/360) -> 1.0009701 | AA87: =AA86*Z87 -> 102.31476 | AC87: =ROUNDUP( 1000*MAX(0, (AA87/100)*(1-0.011)^(4) -1), 2) -> 0
A88: 41851 | C88: {=IFERROR( INDEX( IR!$B$2:$E2026, MATCH($A88, IR!$A$2:$A2026, 0), MATCH(C$1, IR!$B$1:$E$1, 0) ), "")} -> 0.00098 | D88: {=IFERROR( INDEX( IR!$B$2:$E2026, MATCH($A88, IR!$A$2:$A2026, 0), MATCH(D$1, IR!$B$1:$E$1, 0) ), "")} -> 0.00209 | E88: {=IFERROR( INDEX( IR!$B$2:$E2026, MATCH($A88, IR!$A$2:$A2026, 0), MATCH(E$1, IR!$B$1:$E$1, 0) ), "")} -> 0.00306 | F88: {=IFERROR( INDEX( IR!$B$2:$E2026, MATCH($A88, IR!$A$2:$A2026, 0), MATCH(F$1, IR!$B$1:$E$1, 0) ), "")} -> 0.00489 | H88: {=IFERROR( INDEX( SR!$B$2:$D2026, MATCH($A88, SR!$A$2:$A2026, 0), MATCH(H$1, SR!$B$1:$D$1, 0) ), "")} -> 0.00336 | I88: {=IFERROR( INDEX( SR!$B$2:$D2026, MATCH($A88, SR!$A$2:$A2026, 0), MATCH(I$1, SR!$B$1:$D$1, 0) ), "")} -> 0.004059 | J88: {=IFERROR( INDEX( SR!$B$2:$D2026, MATCH($A88, SR!$A$2:$A2026, 0), MATCH(J$1, SR!$B$1:$D$1, 0) ), "")} -> 0.00648 | L88: 123.78 | M88: 24.37 | N88: 113.08 | O88: 124.04 | P88: 128.7 | Q88: 1362.5416 | S88: =((L88-L87)/L87)*0.1666+((M88-M87)/M87)*0.1666+((N88-N87)/N87)*0.1666+((O88-O87)/O87)*0.1666+((P88-P87)/P87)*0.1666+((Q88-Q87)/Q87)*0.1667 -> -0.0025045015 | T88: =1+S88 -> 0.9974955 | U88: =U87*T88 -> 101.29982 | W88: {=SQRT(252/20) * SQRT( SUMSQ( LN(U67:U86 / U66:U85) ) - (1/20) * ( SUM( LN(U67:U86 / U66:U85) ) ^ 2 ) )} -> 0.017798296 | X88: =MIN(1.5, 0.06/W88) -> 1.5 | Z88: =1+X87*((U88/U87)-1)+(1-X87)*C87*((A88-A87)/360) -> 0.99624189 | AA88: =AA87*Z88 -> 101.93025 | AC88: =ROUNDUP( 1000*MAX(0, (AA88/100)*(1-0.011)^(4) -1), 2) -> 0
A89: 41852 | C89: {=IFERROR( INDEX( IR!$B$2:$E2026, MATCH($A89, IR!$A$2:$A2026, 0), MATCH(C$1, IR!$B$1:$E$1, 0) ), "")} -> 0.00097 | D89: {=IFERROR( INDEX( IR!$B$2:$E2026, MATCH($A89, IR!$A$2:$A2026, 0), MATCH(D$1, IR!$B$1:$E$1, 0) ), "")} -> 0.00208 | E89: {=IFERROR( INDEX( IR!$B$2:$E2026, MATCH($A89, IR!$A$2:$A2026, 0), MATCH(E$1, IR!$B$1:$E$1, 0) ), "")} -> 0.00308 | F89: {=IFERROR( INDEX( IR!$B$2:$E2026, MATCH($A89, IR!$A$2:$A2026, 0), MATCH(F$1, IR!$B$1:$E$1, 0) ), "")} -> 0.00489 | H89: {=IFERROR( INDEX( SR!$B$2:$D2026, MATCH($A89, SR!$A$2:$A2026, 0), MATCH(H$1, SR!$B$1:$D$1, 0) ), "")} -> 0.00336 | I89: {=IFERROR( INDEX( SR!$B$2:$D2026, MATCH($A89, SR!$A$2:$A2026, 0), MATCH(I$1, SR!$B$1:$D$1, 0) ), "")} -> 0.004039 | J89: {=IFERROR( INDEX( SR!$B$2:$D2026, MATCH($A89, SR!$A$2:$A2026, 0), MATCH(J$1, SR!$B$1:$D$1, 0) ), "")} -> 0.00639 | L89: 123.34 | M89: 24.36 | N89: 112.99 | O89: 122.99 | P89: 127.92 | Q89: 1361.6811 | S89: =((L89-L88)/L88)*0.1666+((M89-M88)/M88)*0.1666+((N89-N88)/N88)*0.1666+((O89-O88)/O88)*0.1666+((P89-P88)/P88)*0.1666+((Q89-Q88)/Q88)*0.1667 -> -0.0033184167 | T89: =1+S89 -> 0.99668158 | U89: =U88*T89 -> 100.96367 | W89: {=SQRT(252/20) * SQRT( SUMSQ( LN(U68:U87 / U67:U86) ) - (1/20) * ( SUM( LN(U68:U87 / U67:U86) ) ^ 2 ) )} -> 0.017036142 | X89: =MIN(1.5, 0.06/W89) -> 1.5 | Z89: =1+X88*((U89/U88)-1)+(1-X88)*C88*((A89-A88)/360) -> 0.99502101 | AA89: =AA88*Z89 -> 101.42274 | AC89: =ROUNDUP( 1000*MAX(0, (AA89/100)*(1-0.011)^(4) -1), 2) -> 0
A90: 41855 | C90: {=IFERROR( INDEX( IR!$B$2:$E2026, MATCH($A90, IR!$A$2:$A2026, 0), MATCH(C$1, IR!$B$1:$E$1, 0) ), "")} -> 0.00096 | D90: {=IFERROR( INDEX( IR!$B$2:$E2026, MATCH($A90, IR!$A$2:$A2026, 0), MATCH(D$1, IR!$B$1:$E$1, 0) ), "")} -> 0.00208 | E90: {=IFERROR( INDEX( IR!$B$2:$E2026, MATCH($A90, IR!$A$2:$A2026, 0), MATCH(E$1, IR!$B$1:$E$1, 0) ), "")} -> 0.00307 | F90: {=IFERROR( INDEX( IR!$B$2:$E2026, MATCH($A90, IR!$A$2:$A2026, 0), MATCH(F$1, IR!$B$1:$E$1, 0) ), "")} -> 0.00488 | H90: {=IFERROR( INDEX( SR!$B$2:$D2026, MATCH($A90, SR!$A$2:$A2026, 0), MATCH(H$1, SR!$B$1:$D$1, 0) ), "")} -> 0.00338 | I90: {=IFERROR( INDEX( SR!$B$2:$D2026, MATCH($A90, SR!$A$2:$A2026, 0), MATCH(I$1, SR!$B$1:$D$1, 0) ), "")} -> 0.004085 | J90: {=IFERROR( INDEX( SR!$B$2:$D2026, MATCH($A90, SR!$A$2:$A2026, 0), MATCH(J$1, SR!$B$1:$D$1, 0) ), "")} -> 0.006505 | L90: 123.3 | M90: 24.36 | N90: 113.05 | O90: 122.22 | P90: 127.7 | Q90: 1357.4399 | S90: =((L90-L89)/L89)*0.1666+((M90-M89)/M89)*0.1666+((N90-N89)/N89)*0.1666+((O90-O89)/O89)*0.1666+((P90-P89)/P89)*0.1666+((Q90-Q89)/Q89)*0.1667 -> -0.0018143293 | T90: =1+S90 -> 0.99818567 | U90: =U89*T90 -> 100.78049 | W90: {=SQRT(252/20) * SQRT( SUMSQ( LN(U69:U88 / U68:U87) ) - (1/20) * ( SUM( LN(U69:U88 / U68:U87) ) ^ 2 ) )} -> 0.018916905 | X90: =MIN(1.5, 0.06/W90) -> 1.5 | Z90: =1+X89*((U90/U89)-1)+(1-X89)*C89*((A90-A89)/360) -> 0.99727446 | AA90: =AA89*Z90 -> 101.14631 | AC90: =ROUNDUP( 1000*MAX(0, (AA90/100)*(1-0.011)^(4) -1), 2) -> 0
A91: 41856 | C91: {=IFERROR( INDEX( IR!$B$2:$E2026, MATCH($A91, IR!$A$2:$A2026, 0), MATCH(C$1, IR!$B$1:$E$1, 0) ), "")} -> 0.00097 | D91: {=IFERROR( INDEX( IR!$B$2:$E2026, MATCH($A91, IR!$A$2:$A2026, 0), MATCH(D$1, IR!$B$1:$E$1, 0) ), "")} -> 0.00207 | E91: {=IFERROR( INDEX( IR!$B$2:$E2026, MATCH($A91, IR!$A$2:$A2026, 0), MATCH(E$1, IR!$B$1:$E$1, 0) ), "")} -> 0.00307 | F91: {=IFERROR( INDEX( IR!$B$2:$E2026, MATCH($A91, IR!$A$2:$A2026, 0), MATCH(F$1, IR!$B$1:$E$1, 0) ), "")} -> 0.00488 | H91: {=IFERROR( INDEX( SR!$B$2:$D2026, MATCH($A91, SR!$A$2:$A2026, 0), MATCH(H$1, SR!$B$1:$D$1, 0) ), "")} -> 0.00342 | I91: {=IFERROR( INDEX( SR!$B$2:$D2026, MATCH($A91, SR!$A$2:$A2026, 0), MATCH(I$1, SR!$B$1:$D$1, 0) ), "")} -> 0.004154 | J91: {=IFERROR( INDEX( SR!$B$2:$D2026, MATCH($A91, SR!$A$2:$A2026, 0), MATCH(J$1, SR!$B$1:$D$1, 0) ), "")} -> 0.00658 | L91: 123.1 | M91: 24.38 | N91: 113.02 | O91: 122.23 | P91: 127.97 | Q91: 1357.9462 | S91: =((L91-L90)/L90)*0.1666+((M91-M90)/M90)*0.1666+((N91-N90)/N90)*0.1666+((O91-O90)/O90)*0.1666+((P91-P90)/P90)*0.1666+((Q91-Q90)/Q90)*0.1667 -> 0.00025039052 | T91: =1+S91 -> 1.0002504 | U91: =U90*T91 -> 100.80572 | W91: {=SQRT(252/20) * SQRT( SUMSQ( LN(U70:U89 / U69:U88) ) - (1/20) * ( SUM( LN(U70:U89 / U69:U88) ) ^ 2 ) )} -> 0.021338386 | X91: =MIN(1.5, 0.06/W91) -> 1.5 | Z91: =1+X90*((U91/U90)-1)+(1-X90)*C90*((A91-A90)/360) -> 1.0003743 | AA91: =AA90*Z91 -> 101.18416 | AC91: =ROUNDUP( 1000*MAX(0, (AA91/100)*(1-0.011)^(4) -1), 2) -> 0
A92: 41857 | C92: {=IFERROR( INDEX( IR!$B$2:$E2026, MATCH($A92, IR!$A$2:$A2026, 0), MATCH(C$1, IR!$B$1:$E$1, 0) ), "")} -> 0.00096 | D92: {=IFERROR( INDEX( IR!$B$2:$E2026, MATCH($A92, IR!$A$2:$A2026, 0), MATCH(D$1, IR!$B$1:$E$1, 0) ), "")} -> 0.00206 | E92: {=IFERROR( INDEX( IR!$B$2:$E2026, MATCH($A92, IR!$A$2:$A2026, 0), MATCH(E$1, IR!$B$1:$E$1, 0) ), "")} -> 0.00306 | F92: {=IFERROR( INDEX( IR!$B$2:$E2026, MATCH($A92, IR!$A$2:$A2026, 0), MATCH(F$1, IR!$B$1:$E$1, 0) ), "")} -> 0.00487 | H92: {=IFERROR( INDEX( SR!$B$2:$D2026, MATCH($A92, SR!$A$2:$A2026, 0), MATCH(H$1, SR!$B$1:$D$1, 0) ), "")} -> 0.00328 | I92: {=IFERROR( INDEX( SR!$B$2:$D2026, MATCH($A92, SR!$A$2:$A2026, 0), MATCH(I$1, SR!$B$1:$D$1, 0) ), "")} -> 0.003978 | J92: {=IFERROR( INDEX( SR!$B$2:$D2026, MATCH($A92, SR!$A$2:$A2026, 0), MATCH(J$1, SR!$B$1:$D$1, 0) ), "")} -> 0.00621 | L92: 122.89 | M92: 24.38 | N92: 112.99 | O92: 121.98 | P92: 127.99 | Q92: 1355.0519 | S92: =((L92-L91)/L91)*0.1666+((M92-M91)/M91)*0.1666+((N92-N91)/N91)*0.1666+((O92-O91)/O91)*0.1666+((P92-P91)/P91)*0.1666+((Q92-Q91)/Q91)*0.1667 -> -0.00099844504 | T92: =1+S92 -> 0.99900155 | U92: =U91*T92 -> 100.70507 | W92: {=SQRT(252/20) * SQRT( SUMSQ( LN(U71:U90 / U70:U89) ) - (1/20) * ( SUM( LN(U71:U90 / U70:U89) ) ^ 2 ) )} -> 0.021782152 | X92: =MIN(1.5, 0.06/W92) -> 1.5 | Z92: =1+X91*((U92/U91)-1)+(1-X91)*C91*((A92-A91)/360) -> 0.99850099 | AA92: =AA91*Z92 -> 101.03249 | AC92: =ROUNDUP( 1000*MAX(0, (AA92/100)*(1-0.011)^(4) -1), 2) -> 0
A93: 41858 | C93: {=IFERROR( INDEX( IR!$B$2:$E2026, MATCH($A93, IR!$A$2:$A2026, 0), MATCH(C$1, IR!$B$1:$E$1, 0) ), "")} -> 0.00096 | D93: {=IFERROR( INDEX( IR!$B$2:$E2026, MATCH($A93, IR!$A$2:$A2026, 0), MATCH(D$1, IR!$B$1:$E$1, 0) ), "")} -> 0.00205 | E93: {=IFERROR( INDEX( IR!$B$2:$E2026, MATCH($A93, IR!$A$2:$A2026, 0), MATCH(E$1, IR!$B$1:$E$1, 0) ), "")} -> 0.00304 | F93: {=IFERROR( INDEX( IR!$B$2:$E2026, MATCH($A93, IR!$A$2:$A2026, 0), MATCH(F$1, IR!$B$1:$E$1, 0) ), "")} -> 0.00484 | H93: {=IFERROR( INDEX( SR!$B$2:$D2026, MATCH($A93, SR!$A$2:$A2026, 0), MATCH(H$1, SR!$B$1:$D$1, 0) ), "")} -> 0.00326 | I93: {=IFERROR( INDEX( SR!$B$2:$D2026, MATCH($A93, SR!$A$2:$A2026, 0), MATCH(I$1, SR!$B$1:$D$1, 0) ), "")} -> 0.003923 | J93: {=IFERROR( INDEX( SR!$B$2:$D2026, MATCH($A93, SR!$A$2:$A2026, 0), MATCH(J$1, SR!$B$1:$D$1, 0) ), "")} -> 0.006098 | L93: 122.62 | M93: 24.37 | N93: 112.95 | O93: 122.63 | P93: 127.87 | Q93: 1351.3541 | S93: =((L93-L92)/L92)*0.1666+((M93-M92)/M92)*0.1666+((N93-N92)/N92)*0.1666+((O93-O92)/O92)*0.1666+((P93-P92)/P92)*0.1666+((Q93-Q92)/Q92)*0.1667 -> -0.00021668674 | T93: =1+S93 -> 0.99978331 | U93: =U92*T93 -> 100.68325 | W93: {=SQRT(252/20) * SQRT( SUMSQ( LN(U72:U91 / U71:U90) ) - (1/20) * ( SUM( LN(U72:U91 / U71:U90) ) ^ 2 ) )} -> 0.021144496 | X93: =MIN(1.5, 0.06/W93) -> 1.5 | Z93: =1+X92*((U93/U92)-1)+(1-X92)*C92*((A93-A92)/360) -> 0.99967364 | AA93: =AA92*Z93 -> 100.99952 | AC93: =ROUNDUP( 1000*MAX(0, (AA93/100)*(1-0.011)^(4) -1), 2) -> 0
A94: 41859 | C94: {=IFERROR( INDEX( IR!$B$2:$E2026, MATCH($A94, IR!$A$2:$A2026, 0), MATCH(C$1, IR!$B$1:$E$1, 0) ), "")} -> 0.00094 | D94: {=IFERROR( INDEX( IR!$B$2:$E2026, MATCH($A94, IR!$A$2:$A2026, 0), MATCH(D$1, IR!$B$1:$E$1, 0) ), "")} -> 0.00203 | E94: {=IFERROR( INDEX( IR!$B$2:$E2026, MATCH($A94, IR!$A$2:$A2026, 0), MATCH(E$1, IR!$B$1:$E$1, 0) ), "")} -> 0.00302 | F94: {=IFERROR( INDEX( IR!$B$2:$E2026, MATCH($A94, IR!$A$2:$A2026, 0), MATCH(F$1, IR!$B$1:$E$1, 0) ), "")} -> 0.00482 | H94: {=IFERROR( INDEX( SR!$B$2:$D2026, MATCH($A94, SR!$A$2:$A2026, 0), MATCH(H$1, SR!$B$1:$D$1, 0) ), "")} -> 0.00334 | I94: {=IFERROR( INDEX( SR!$B$2:$D2026, MATCH($A94, SR!$A$2:$A2026, 0), MATCH(I$1, SR!$B$1:$D$1, 0) ), "")} -> 0.00404 | J94: {=IFERROR( INDEX( SR!$B$2:$D2026, MATCH($A94, SR!$A$2:$A2026, 0), MATCH(J$1, SR!$B$1:$D$1, 0) ), "")} -> 0.006389 | L94: 122.41 | M94: 24.35 | N94: 112.88 | O94: 122.82 | P94: 127.85 | Q94: 1346.8514 | S94: =((L94-L93)/L93)*0.1666+((M94-M93)/M93)*0.1666+((N94-N93)/N93)*0.1666+((O94-O93)/O93)*0.1666+((P94-P93)/P93)*0.1666+((Q94-Q93)/Q93)*0.1667 -> -0.00084866979 | T94: =1+S94 -> 0.99915133 | U94: =U93*T94 -> 100.5978 | W94: {=SQRT(252/20) * SQRT( SUMSQ( LN(U73:U92 / U72:U91) ) - (1/20) * ( SUM( LN(U73:U92 / U72:U91) ) ^ 2 ) )} -> 0.020361487 | X94: =MIN(1.5, 0.06/W94) -> 1.5 | Z94: =1+X93*((U94/U93)-1)+(1-X93)*C93*((A94-A93)/360) -> 0.99872566 | AA94: =AA93*Z94 -> 100.87081 | AC94: =ROUNDUP( 1000*MAX(0, (AA94/100)*(1-0.011)^(4) -1), 2) -> 0
A95: 41862 | C95: {=IFERROR( INDEX( IR!$B$2:$E2026, MATCH($A95, IR!$A$2:$A2026, 0), MATCH(C$1, IR!$B$1:$E$1, 0) ), "")} -> 0.00092 | D95: {=IFERROR( INDEX( IR!$B$2:$E2026, MATCH($A95, IR!$A$2:$A2026, 0), MATCH(D$1, IR!$B$1:$E$1, 0) ), "")} -> 0.00202 | E95: {=IFERROR( INDEX( IR!$B$2:$E2026, MATCH($A95, IR!$A$2:$A2026, 0), MATCH(E$1, IR!$B$1:$E$1, 0) ), "")} -> 0.00301 | F95: {=IFERROR( INDEX( IR!$B$2:$E2026, MATCH($A95, IR!$A$2:$A2026, 0), MATCH(F$1, IR!$B$1:$E$1, 0) ), "")} -> 0.00482 | H95: {=IFERROR( INDEX( SR!$B$2:$D2026, MATCH($A95, SR!$A$2:$A2026, 0), MATCH(H$1, SR!$B$1:$D$1, 0) ), "")} -> 0.003268 | I95: {=IFERROR( INDEX( SR!$B$2:$D2026, MATCH($A95, SR!$A$2:$A2026, 0), MATCH(I$1, SR!$B$1:$D$1, 0) ), "")} -> 0.003925 | J95: {=IFERROR( INDEX( SR!$B$2:$D2026, MATCH($A95, SR!$A$2:$A2026, 0), MATCH(J$1, SR!$B$1:$D$1, 0) ), "")} -> 0.006213 | L95: 122.74 | M95: 24.36 | N95: 112.99 | O95: 122.89 | P95: 127.52 | Q95: 1350.903 | S95: =((L95-L94)/L94)*0.1666+((M95-M94)/M94)*0.1666+((N95-N94)/N94)*0.1666+((O95-O94)/O94)*0.1666+((P95-P94)/P94)*0.1666+((Q95-Q94)/Q94)*0.1667 -> 0.00084629781 | T95: =1+S95 -> 1.0008463 | U95: =U94*T95 -> 100.68294 | W95: {=SQRT(252/20) * SQRT( SUMSQ( LN(U74:U93 / U73:U92) ) - (1/20) * ( SUM( LN(U74:U93 / U73:U92) ) ^ 2 ) )} -> 0.020322327 | X95: =MIN(1.5, 0.06/W95) -> 1.5 | Z95: =1+X94*((U95/U94)-1)+(1-X94)*C94*((A95-A94)/360) -> 1.0012655 | AA95: =AA94*Z95 -> 100.99846 | AC95: =ROUNDUP( 1000*MAX(0, (AA95/100)*(1-0.011)^(4) -1), 2) -> 0
A96: 41863 | C96: {=IFERROR( INDEX( IR!$B$2:$E2026, MATCH($A96, IR!$A$2:$A2026, 0), MATCH(C$1, IR!$B$1:$E$1, 0) ), "")} -> 0.00091 | D96: {=IFERROR( INDEX( IR!$B$2:$E2026, MATCH($A96, IR!$A$2:$A2026, 0), MATCH(D$1, IR!$B$1:$E$1, 0) ), "")} -> 0.00201 | E96: {=IFERROR( INDEX( IR!$B$2:$E2026, MATCH($A96, IR!$A$2:$A2026, 0), MATCH(E$1, IR!$B$1:$E$1, 0) ), "")} -> 0.003 | F96: {=IFERROR( INDEX( IR!$B$2:$E2026, MATCH($A96, IR!$A$2:$A2026, 0), MATCH(F$1, IR!$B$1:$E$1, 0) ), "")} -> 0.00479 | H96: {=IFERROR( INDEX( SR!$B$2:$D2026, MATCH($A96, SR!$A$2:$A2026, 0), MATCH(H$1, SR!$B$1:$D$1, 0) ), "")} -> 0.003255 | I96: {=IFERROR( INDEX( SR!$B$2:$D2026, MATCH($A96, SR!$A$2:$A2026, 0), MATCH(I$1, SR!$B$1:$D$1, 0) ), "")} -> 0.003903 | J96: {=IFERROR( INDEX( SR!$B$2:$D2026, MATCH($A96, SR!$A$2:$A2026, 0), MATCH(J$1, SR!$B$1:$D$1, 0) ), "")} -> 0.00621 | L96: 122.72 | M96: 24.38 | N96: 113.05 | O96: 122.79 | P96: 127.98 | Q96: 1357.7607 | S96: =((L96-L95)/L95)*0.1666+((M96-M95)/M95)*0.1666+((N96-N95)/N95)*0.1666+((O96-O95)/O95)*0.1666+((P96-P95)/P95)*0.1666+((Q96-Q95)/Q95)*0.1667 -> 0.0015097397 | T96: =1+S96 -> 1.0015097 | U96: =U95*T96 -> 100.83494 | W96: {=SQRT(252/20) * SQRT( SUMSQ( LN(U75:U94 / U74:U93) ) - (1/20) * ( SUM( LN(U75:U94 / U74:U93) ) ^ 2 ) )} -> 0.019843848 | X96: =MIN(1.5, 0.06/W96) -> 1.5 | Z96: =1+X95*((U96/U95)-1)+(1-X95)*C95*((A96-A95)/360) -> 1.0022633 | AA96: =AA95*Z96 -> 101.22706 | AC96: =ROUNDUP( 1000*MAX(0, (AA96/100)*(1-0.011)^(4) -1), 2) -> 0
A97: 41864 | C97: {=IFERROR( INDEX( IR!$B$2:$E2026, MATCH($A97, IR!$A$2:$A2026, 0), MATCH(C$1, IR!$B$1:$E$1, 0) ), "")} -> 0.0009 | D97: {=IFERROR( INDEX( IR!$B$2:$E2026, MATCH($A97, IR!$A$2:$A2026, 0), MATCH(D$1, IR!$B$1:$E$1, 0) ), "")} -> 0.00199 | E97: {=IFERROR( INDEX( IR!$B$2:$E2026, MATCH($A97, IR!$A$2:$A2026, 0), MATCH(E$1, IR!$B$1:$E$1, 0) ), "")} -> 0.00299 | F97: {=IFERROR( INDEX( IR!$B$2:$E2026, MATCH($A97, IR!$A$2:$A2026, 0), MATCH(F$1, IR!$B$1:$E$1, 0) ), "")} -> 0.00479 | H97: {=IFERROR( INDEX( SR!$B$2:$D2026, MATCH($A97, SR!$A$2:$A2026, 0), MATCH(H$1, SR!$B$1:$D$1, 0) ), "")} -> 0.0032 | I97: {=IFERROR( INDEX( SR!$B$2:$D2026, MATCH($A97, SR!$A$2:$A2026, 0), MATCH(I$1, SR!$B$1:$D$1, 0) ), "")} -> 0.003808 | J97: {=IFERROR( INDEX( SR!$B$2:$D2026, MATCH($A97, SR!$A$2:$A2026, 0), MATCH(J$1, SR!$B$1:$D$1, 0) ), "")} -> 0.005865 | L97: 122.9 | M97: 24.37 | N97: 113.06 | O97: 122.83 | P97: 127.88 | Q97: 1354.9992 | S97: =((L97-L96)/L96)*0.1666+((M97-M96)/M96)*0.1666+((N97-N96)/N96)*0.1666+((O97-O96)/O96)*0.1666+((P97-P96)/P96)*0.1666+((Q97-Q96)/Q96)*0.1667 -> -0.00022418683 | T97: =1+S97 -> 0.99977581 | U97: =U96*T97 -> 100.81234 | W97: {=SQRT(252/20) * SQRT( SUMSQ( LN(U76:U95 / U75:U94) ) - (1/20) * ( SUM( LN(U76:U95 / U75:U94) ) ^ 2 ) )} -> 0.020225489 | X97: =MIN(1.5, 0.06/W97) -> 1.5 | Z97: =1+X96*((U97/U96)-1)+(1-X96)*C96*((A97-A96)/360) -> 0.99966246 | AA97: =AA96*Z97 -> 101.19289 | AC97: =ROUNDUP( 1000*MAX(0, (AA97/100)*(1-0.011)^(4) -1), 2) -> 0
A98: 41865 | C98: {=IFERROR( INDEX( IR!$B$2:$E2026, MATCH($A98, IR!$A$2:$A2026, 0), MATCH(C$1, IR!$B$1:$E$1, 0) ), "")} -> 0.00089 | D98: {=IFERROR( INDEX( IR!$B$2:$E2026, MATCH($A98, IR!$A$2:$A2026, 0), MATCH(D$1, IR!$B$1:$E$1, 0) ), "")} -> 0.00198 | E98: {=IFERROR( INDEX( IR!$B$2:$E2026, MATCH($A98, IR!$A$2:$A2026, 0), MATCH(E$1, IR!$B$1:$E$1, 0) ), "")} -> 0.00298 | F98: {=IFERROR( INDEX( IR!$B$2:$E2026, MATCH($A98, IR!$A$2:$A2026, 0), MATCH(F$1, IR!$B$1:$E$1, 0) ), "")} -> 0.00478 | H98: {=IFERROR( INDEX( SR!$B$2:$D2026, MATCH($A98, SR!$A$2:$A2026, 0), MATCH(H$1, SR!$B$1:$D$1, 0) ), "")} -> 0.003188 | I98: {=IFERROR( INDEX( SR!$B$2:$D2026, MATCH($A98, SR!$A$2:$A2026, 0), MATCH(I$1, SR!$B$1:$D$1, 0) ), "")} -> 0.003757 | J98: {=IFERROR( INDEX( SR!$B$2:$D2026, MATCH($A98, SR!$A$2:$A2026, 0), MATCH(J$1, SR!$B$1:$D$1, 0) ), "")} -> 0.005819 | L98: 122.92 | M98: 24.38 | N98: 113.09 | O98: 122.94 | P98: 128.11 | Q98: 1358.3947 | S98: =((L98-L97)/L97)*0.1666+((M98-M97)/M97)*0.1666+((N98-N97)/N97)*0.1666+((O98-O97)/O97)*0.1666+((P98-P97)/P97)*0.1666+((Q98-Q97)/Q97)*0.1667 -> 0.0010062536 | T98: =1+S98 -> 1.0010063 | U98: =U97*T98 -> 100.91378 | W98: {=SQRT(252/20) * SQRT( SUMSQ( LN(U77:U96 / U76:U95) ) - (1/20) * ( SUM( LN(U77:U96 / U76:U95) ) ^ 2 ) )} -> 0.020317944 | X98: =MIN(1.5, 0.06/W98) -> 1.5 | Z98: =1+X97*((U98/U97)-1)+(1-X97)*C97*((A98-A97)/360) -> 1.0015081 | AA98: =AA97*Z98 -> 101.3455 | AC98: =ROUNDUP( 1000*MAX(0, (AA98/100)*(1-0.011)^(4) -1), 2) -> 0
A99: 41869 | C99: {=IFERROR( INDEX( IR!$B$2:$E2026, MATCH($A99, IR!$A$2:$A2026, 0), MATCH(C$1, IR!$B$1:$E$1, 0) ), "")} -> 0.00089 | D99: {=IFERROR( INDEX( IR!$B$2:$E2026, MATCH($A99, IR!$A$2:$A2026, 0), MATCH(D$1, IR!$B$1:$E$1, 0) ), "")} -> 0.00196 | E99: {=IFERROR( INDEX( IR!$B$2:$E2026, MATCH($A99, IR!$A$2:$A2026, 0), MATCH(E$1, IR!$B$1:$E$1, 0) ), "")} -> 0.00297 | F99: {=IFERROR( INDEX( IR!$B$2:$E2026, MATCH($A99, IR!$A$2:$A2026, 0), MATCH(F$1, IR!$B$1:$E$1, 0) ), "")} -> 0.00474 | H99: {=IFERROR( INDEX( SR!$B$2:$D2026, MATCH($A99, SR!$A$2:$A2026, 0), MATCH(H$1, SR!$B$1:$D$1, 0) ), "")} -> 0.00316 | I99: {=IFERROR( INDEX( SR!$B$2:$D2026, MATCH($A99, SR!$A$2:$A2026, 0), MATCH(I$1, SR!$B$1:$D$1, 0) ), "")} -> 0.003757 | J99: {=IFERROR( INDEX( SR!$B$2:$D2026, MATCH($A99, SR!$A$2:$A2026, 0), MATCH(J$1, SR!$B$1:$D$1, 0) ), "")} -> 0.005918 | L99: 122.98 | M99: 24.39 | N99: 113.14 | O99: 122.99 | P99: 128.3 | Q99: 1359.7821 | S99: =((L99-L98)/L98)*0.1666+((M99-M98)/M98)*0.1666+((N99-N98)/N98)*0.1666+((O99-O98)/O98)*0.1666+((P99-P98)/P98)*0.1666+((Q99-Q98)/Q98)*0.1667 -> 0.00070841468 | T99: =1+S99 -> 1.0007084 | U99: =U98*T99 -> 100.98527 | W99: {=SQRT(252/20) * SQRT( SUMSQ( LN(U78:U97 / U77:U96) ) - (1/20) * ( SUM( LN(U78:U97 / U77:U96) ) ^ 2 ) )} -> 0.020266248 | X99: =MIN(1.5, 0.06/W99) -> 1.5 | Z99: =1+X98*((U99/U98)-1)+(1-X98)*C98*((A99-A98)/360) -> 1.0010577 | AA99: =AA98*Z99 -> 101.45269 | AC99: =ROUNDUP( 1000*MAX(0, (AA99/100)*(1-0.011)^(4) -1), 2) -> 0
A100: 41870 | C100: {=IFERROR( INDEX( IR!$B$2:$E2026, MATCH($A100, IR!$A$2:$A2026, 0), MATCH(C$1, IR!$B$1:$E$1, 0) ), "")} -> 0.00087 | D100: {=IFERROR( INDEX( IR!$B$2:$E2026, MATCH($A100, IR!$A$2:$A2026, 0), MATCH(D$1, IR!$B$1:$E$1, 0) ), "")} -> 0.00191 | E100: {=IFERROR( INDEX( IR!$B$2:$E2026, MATCH($A100, IR!$A$2:$A2026, 0), MATCH(E$1, IR!$B$1:$E$1, 0) ), "")} -> 0.00292 | F100: {=IFERROR( INDEX( IR!$B$2:$E2026, MATCH($A100, IR!$A$2:$A2026, 0), MATCH(F$1, IR!$B$1:$E$1, 0) ), "")} -> 0.00469 | H100: {=IFERROR( INDEX( SR!$B$2:$D2026, MATCH($A100, SR!$A$2:$A2026, 0), MATCH(H$1, SR!$B$1:$D$1, 0) ), "")} -> 0.00309 | I100: {=IFERROR( INDEX( SR!$B$2:$D2026, MATCH($A100, SR!$A$2:$A2026, 0), MATCH(I$1, SR!$B$1:$D$1, 0) ), "")} -> 0.00369 | J100: {=IFERROR( INDEX( SR!$B$2:$D2026, MATCH($A100, SR!$A$2:$A2026, 0), MATCH(J$1, SR!$B$1:$D$1, 0) ), "")} -> 0.00573 | L100: 123.17 | M100: 24.41 | N100: 113.18 | O100: 122.98 | P100: 128.55 | Q100: 1364.4824 | S100: =((L100-L99)/L99)*0.1666+((M100-M99)/M99)*0.1666+((N100-N99)/N99)*0.1666+((O100-O99)/O99)*0.1666+((P100-P99)/P99)*0.1666+((Q100-Q99)/Q99)*0.1667 -> 0.0013402139 | T100: =1+S100 -> 1.0013402 | U100: =U99*T100 -> 101.12061 | W100: {=SQRT(252/20) * SQRT( SUMSQ( LN(U79:U98 / U78:U97) ) - (1/20) * ( SUM( LN(U79:U98 / U78:U97) ) ^ 2 ) )} -> 0.019663517 | X100: =MIN(1.5, 0.06/W100) -> 1.5 | Z100: =1+X99*((U100/U99)-1)+(1-X99)*C99*((A100-A99)/360) -> 1.0020091 | AA100: =AA99*Z100 -> 101.65652 | AC100: =ROUNDUP( 1000*MAX(0, (AA100/100)*(1-0.011)^(4) -1), 2) -> 0
...

Sheet Indications
A1: Basket Value
A2: Basket Value on April 30th 2014 | B2: 100
A3: Daily Index on April 30th 2014 | B3: 100
A5: Realised Volatility
A6: n | B6: 20
A7: d | B7: 252
A8: y | B8: 1
A9: m | B9: 20
A10: lag | B10: 2
A11: t-n+k-lag | B11: t+k-22
A12: t-n+k-1-lag | B12: t+k-23
A14: Underlying Strike | B14: 100
A15: Calculation Amount | B15: 1000
A16: alpha | B16: =(1-0.011)^4 -> 0.95672069
A17: K effective | B17: =100/B16 -> 104.52371

Sheet BS_Valuation
A1: Date | B1: Index | C1: Time to Maturity (in years) | D1: Eur_1M | E1: Eur_3M | F1: Eur_6M | G1: Eur_12M | H1: Swap(vs6M)_2Y | I1: Swap(vs6M)_3Y | J1: Swap(vs6M)_5Y | K1: Rate | L1: Volatility | M1: d1 | N1: d2 | O1: Call Value | P1: Fair Call Value
A2: =DATE(2014,4,30) -> 41759 | B2: {=XLOOKUP(A2, Index!A:A, Index!AA:AA)} -> 100 | C2: =($A$51-A2)/365 -> 3.9972603 | D2: {=XLOOKUP(A2, Index!A:A, Index!C:C)} -> 0.00261 | E2: {=XLOOKUP(A2, Index!A:A, Index!D:D)} -> 0.00339 | F2: {=XLOOKUP(A2, Index!A:A, Index!E:E)} -> 0.00438 | G2: {=XLOOKUP(A2, Index!A:A, Index!F:F)} -> 0.00614 | H2: {=XLOOKUP(A2, Index!A:A, Index!H:H)} -> 0.00448 | I2: {=XLOOKUP(A2, Index!A:A, Index!I:I)} -> 0.0057 | J2: {=XLOOKUP(A2, Index!A:A, Index!J:J)} -> 0.009156 | K2: =I2+((C2-3)/(5-3))*(J2-I2) -> 0.0074232658 | L2: 0.06 | M2: =(LN(B2/Indications!$B$17)+C2*(K2+0.5*(L2)^2))/(L2*SQRT(C2)) -> -0.061487691 | N2: =M2-L2*SQRT(C2) -> -0.18144659 | O2: =B2*_xlfn.NORM.S.DIST(M2) - EXP(-K2*C2)*_xlfn.NORM.S.DIST(N2)*Indications!$B$17 -> 4.1194684 | P2: =(1000/Indications!$B$17)*O2 -> 39.411806
A3: =DATE(2014,5,30) -> 41789 | B3: {=XLOOKUP(A3, Index!A:A, Index!AA:AA)} -> 102.03335 | C3: =($A$51-A3)/365 -> 3.9150685 | D3: {=XLOOKUP(A3, Index!A:A, Index!C:C)} -> 0.00251 | E3: {=XLOOKUP(A3, Index!A:A, Index!D:D)} -> 0.00311 | F3: {=XLOOKUP(A3, Index!A:A, Index!E:E)} -> 0.00397 | G3: {=XLOOKUP(A3, Index!A:A, Index!F:F)} -> 0.00572 | H3: {=XLOOKUP(A3, Index!A:A, Index!H:H)} -> 0.0037 | I3: {=XLOOKUP(A3, Index!A:A, Index!I:I)} -> 0.00458 | J3: {=XLOOKUP(A3, Index!A:A, Index!J:J)} -> 0.00762 | K3: =I3+((C3-3)/(5-3))*(J3-I3) -> 0.0059709041 | L3: 0.06 | M3: =(LN(B3/Indications!$B$17)+C3*(K3+0.5*(L3)^2))/(L3*SQRT(C3)) -> 0.053144928 | N3: =M3-L3*SQRT(C3) -> -0.065574264 | O3: =B3*_xlfn.NORM.S.DIST(M3) - EXP(-K3*C3)*_xlfn.NORM.S.DIST(N3)*Indications!$B$17 -> 4.7938991 | P3: =(1000/Indications!$B$17)*O3 -> 45.864225
